Business_ID,Business_Age_Years,Industry,Region,Annual_Revenue_AUD,Annual_Profit_AUD,Total_Assets_AUD,Total_Liabilities_AUD,Owner_Credit_Score,Loan_Amount_AUD,Loan_Term_Months,Previous_Loans,Previous_Defaults,Industry_Growth_Rate,Debt_to_Asset_Ratio,Profit_Margin,Loan_to_Revenue_Ratio,Net_Worth,Revenue_per_Year_in_Business,Interest_Coverage_Ratio,Risk_Score,Defaulted,Business_Age_Category,Credit_Score_Category,Loan_Size_Category,Leverage_Category
BIZ1000,3,IT,SA,138150,5703,84267,37484,687,47509,36,2,0,-2.2,0.445,0.041,0.344,46783,34537.5,1.5,0.18,0,Established,Good,Small,Low
BIZ1001,19,Manufacturing,NT,667708,80469,499651,306251,733,172331,48,3,0,5.1,0.613,0.121,0.258,193400,33385.4,5.836,0.215,0,Mature,Good,Medium,Medium
BIZ1002,8,IT,VIC,128559,20379,72171,105897,578,60309,48,1,0,6.49,1.467,0.159,0.469,-33726,14284.33,4.223,0.508,1,Established,Fair,Medium,High
BIZ1003,6,Construction,ACT,86999,1573,213469,465879,625,29447,36,2,0,6.93,2.182,0.018,0.338,-252410,12428.43,0.667,0.855,1,Established,Good,Small,High
BIZ1004,2,Healthcare,TAS,57216,1782,63894,31323,530,5000,36,1,0,-0.89,0.49,0.031,0.087,32571,19072.0,4.444,0.397,0,Startup,Fair,Small,Low
BIZ1005,2,Transport,WA,86160,4103,52270,46831,664,39196,36,3,0,3.46,0.896,0.048,0.455,5439,28720.0,1.308,0.328,1,Startup,Good,Small,Medium
BIZ1006,1,Construction,QLD,53084,6304,41833,27724,607,24032,36,3,1,-0.52,0.663,0.119,0.453,14109,26542.0,3.277,0.667,0,Startup,Fair,Small,Medium
BIZ1007,13,Retail,WA,119141,11111,227942,475844,301,16778,48,3,2,8.32,2.088,0.093,0.141,-247902,8510.07,8.272,1.0,1,Mature,Poor,Small,High
BIZ1008,6,Retail,ACT,106136,13282,154268,373780,599,61151,48,1,0,2.59,2.423,0.125,0.576,-219512,15162.29,2.714,0.793,1,Established,Fair,Medium,High
BIZ1009,8,IT,QLD,30000,5003,15000,5378,534,5194,24,3,0,1.39,0.359,0.167,0.173,9622,3333.33,12.011,0.328,0,Established,Fair,Small,Low
BIZ1010,1,Education,ACT,97441,5070,44463,33117,828,29404,36,2,0,0.84,0.745,0.052,0.302,11346,48720.5,2.154,0.246,0,Startup,Excellent,Small,Medium
BIZ1011,22,Professional Services,QLD,209672,19571,107386,12938,400,23714,60,2,1,3.5,0.12,0.093,0.113,94448,9116.17,10.311,0.479,0,Mature,Poor,Small,Low
BIZ1012,11,Education,WA,74654,8834,46948,18694,551,28503,36,4,1,4.05,0.398,0.118,0.382,28254,6221.17,3.872,0.353,0,Mature,Fair,Small,Low
BIZ1013,2,Agriculture,QLD,62503,9126,35800,10816,679,16031,48,1,0,-2.44,0.302,0.146,0.256,24984,20834.33,7.11,0.195,0,Startup,Good,Small,Low
BIZ1014,2,Education,QLD,37631,2375,31444,24375,746,9191,48,0,0,6.69,0.775,0.063,0.244,7069,12543.67,3.226,0.254,0,Startup,Good,Small,Medium
BIZ1015,2,Agriculture,VIC,30000,6403,38192,24027,454,15145,36,0,0,3.91,0.629,0.213,0.505,14165,10000.0,5.28,0.477,0,Startup,Poor,Small,Medium
BIZ1016,3,Agriculture,SA,176653,2059,248584,73760,310,9761,36,3,1,6.67,0.297,0.012,0.055,174824,44163.25,2.633,0.65,0,Established,Poor,Small,Low
BIZ1017,5,Transport,SA,86939,6849,58505,32699,820,42501,48,2,0,7.63,0.559,0.079,0.489,25806,14489.83,2.014,0.131,0,Established,Excellent,Small,Medium
BIZ1018,4,Healthcare,TAS,169467,4644,52031,11003,723,61736,36,1,1,2.2,0.211,0.027,0.364,41028,33893.4,0.94,0.338,0,Established,Good,Medium,Low
BIZ1019,3,Transport,TAS,288348,42317,126459,107803,601,170804,36,0,0,5.07,0.852,0.147,0.592,18656,72087.0,3.097,0.39,0,Established,Fair,Medium,Medium
BIZ1020,6,Agriculture,NT,188127,19198,112758,20100,678,70395,48,1,0,0.77,0.178,0.102,0.374,92658,26875.29,3.408,0.181,0,Established,Good,Medium,Low
BIZ1021,1,Construction,NT,67530,4109,26194,12813,611,5433,48,2,1,1.1,0.489,0.061,0.08,13381,33765.0,9.432,0.593,0,Startup,Fair,Small,Low
BIZ1022,3,Retail,NT,109251,2537,177356,130551,530,8505,24,1,0,7.22,0.736,0.023,0.078,46805,27312.75,3.723,0.711,1,Established,Fair,Small,Medium
BIZ1023,3,Agriculture,VIC,64193,3193,25898,5379,651,34390,24,0,0,0.28,0.208,0.05,0.536,20519,16048.25,1.16,0.241,1,Established,Good,Small,Low
BIZ1024,4,Transport,TAS,60126,2685,71284,52211,798,30824,24,6,0,3.09,0.732,0.045,0.513,19073,12025.2,1.088,0.2,0,Established,Excellent,Small,Medium
BIZ1025,10,Construction,ACT,125488,7089,37452,12886,538,30147,36,1,0,-0.22,0.344,0.056,0.24,24566,11408.0,2.938,0.532,0,Mature,Fair,Small,Low
BIZ1026,2,Transport,NT,55126,4401,66949,44149,797,21494,36,2,0,0.53,0.659,0.08,0.39,22800,18375.33,2.558,0.249,0,Startup,Excellent,Small,Medium
BIZ1027,5,Education,NT,30000,4439,22592,9431,410,9578,36,1,0,0.98,0.417,0.148,0.319,13161,5000.0,5.786,0.413,0,Established,Poor,Small,Low
BIZ1028,6,Manufacturing,WA,53013,8175,107560,71708,566,30850,12,1,1,6.84,0.667,0.154,0.582,35852,7573.29,3.311,0.421,0,Established,Fair,Small,Medium
BIZ1029,1,IT,NSW,79632,7185,33065,17494,422,45587,36,1,0,4.04,0.529,0.09,0.572,15571,39816.0,1.97,0.405,1,Startup,Poor,Small,Medium
BIZ1030,6,Professional Services,ACT,286352,62667,167126,36010,344,169265,36,2,1,5.03,0.215,0.219,0.591,131116,40907.43,4.628,0.49,1,Established,Poor,Medium,Low
BIZ1031,2,Transport,NT,70006,2160,45893,30581,757,36861,36,0,0,-2.92,0.666,0.031,0.527,15312,23335.33,0.732,0.243,0,Startup,Excellent,Small,Medium
BIZ1032,1,Professional Services,NT,141258,3894,105539,45410,672,77727,36,1,0,2.6,0.43,0.028,0.55,60129,70629.0,0.626,0.227,0,Startup,Good,Medium,Low
BIZ1033,18,Hospitality,NT,87744,3639,58371,50795,446,14872,24,1,1,1.35,0.87,0.041,0.169,7576,4618.11,3.056,0.824,1,Mature,Poor,Small,Medium
BIZ1034,21,Transport,NSW,232927,43191,156760,20832,789,118106,60,3,0,3.98,0.133,0.185,0.507,135928,10587.59,4.571,0.103,0,Mature,Excellent,Medium,Low
BIZ1035,10,Manufacturing,NSW,221896,14445,147875,118764,803,97605,24,1,0,9.72,0.803,0.065,0.44,29111,20172.36,1.85,0.166,0,Mature,Excellent,Medium,Medium
BIZ1036,3,Professional Services,VIC,224880,27339,53136,37838,812,130325,36,1,0,-4.67,0.712,0.122,0.58,15298,56220.0,2.622,0.197,0,Established,Excellent,Medium,Medium
BIZ1037,1,Agriculture,ACT,30000,3340,44576,110159,842,10925,60,3,0,3.7,2.471,0.111,0.364,-65583,15000.0,3.817,0.396,1,Startup,Excellent,Small,High
BIZ1038,7,Transport,VIC,114085,3481,519894,314040,582,11048,36,3,0,9.11,0.604,0.031,0.097,205854,14260.62,3.934,0.423,0,Established,Fair,Small,Medium
BIZ1039,4,Healthcare,QLD,167922,25021,164426,144162,779,63570,48,1,0,0.97,0.877,0.149,0.379,20264,33584.4,4.919,0.125,0,Established,Excellent,Medium,Medium
BIZ1040,1,IT,NSW,128936,6605,53402,38024,712,55135,24,0,0,2.95,0.712,0.051,0.428,15378,64468.0,1.497,0.28,0,Startup,Good,Medium,Medium
BIZ1041,5,Manufacturing,WA,154140,26981,67839,141291,787,26385,36,4,0,4.53,2.083,0.175,0.171,-73452,25690.0,12.776,0.363,0,Established,Excellent,Small,High
BIZ1042,1,Professional Services,TAS,102831,1216,121630,78575,752,27431,36,2,0,-3.97,0.646,0.012,0.267,43055,51415.5,0.554,0.234,0,Startup,Excellent,Small,Medium
BIZ1043,15,Manufacturing,WA,58609,1341,60471,13874,573,22223,12,1,1,3.3,0.229,0.023,0.379,46597,3663.06,0.754,0.411,0,Mature,Fair,Small,Low
BIZ1044,2,Construction,TAS,30092,3193,20773,40957,752,7696,36,2,0,0.12,1.972,0.106,0.256,-20184,10030.67,5.178,0.48,1,Startup,Excellent,Small,High
BIZ1045,7,IT,NSW,62824,7838,80832,40666,603,16096,36,1,0,8.64,0.503,0.125,0.256,40166,7853.0,6.082,0.304,0,Established,Fair,Small,Medium
BIZ1046,3,Agriculture,NSW,643499,108297,152717,311495,534,79277,36,1,1,1.88,2.04,0.168,0.123,-158778,160874.75,17.073,0.853,1,Established,Fair,Medium,High
BIZ1047,5,Transport,NSW,70266,5274,90443,224458,499,39869,60,1,0,0.37,2.482,0.075,0.567,-134015,11711.0,1.653,0.747,1,Established,Poor,Small,High
BIZ1048,5,Transport,VIC,30000,1181,28328,3772,849,13883,12,3,0,5.04,0.133,0.039,0.463,24556,5000.0,1.062,0.155,0,Established,Excellent,Small,Low
BIZ1049,2,Transport,ACT,164860,55943,74256,66219,571,8355,36,3,1,3.96,0.892,0.339,0.051,8037,54953.33,83.572,0.522,0,Startup,Fair,Small,Medium
BIZ1050,21,IT,TAS,179660,23167,62244,17974,653,84635,36,2,0,5.19,0.289,0.129,0.471,44270,8166.36,3.421,0.119,0,Mature,Good,Medium,Low
BIZ1051,9,Healthcare,ACT,243075,27198,214040,99133,553,111057,36,2,1,8.23,0.463,0.112,0.457,114907,24307.5,3.061,0.346,0,Mature,Fair,Medium,Low
BIZ1052,17,Hospitality,VIC,137267,15760,261457,64129,798,7598,48,4,0,0.74,0.245,0.115,0.055,197328,7625.94,25.885,0.077,0,Mature,Excellent,Small,Low
BIZ1053,14,Retail,VIC,178424,20574,127396,88965,595,45191,36,2,0,7.66,0.698,0.115,0.253,38431,11894.93,5.689,0.448,0,Mature,Fair,Small,Medium
BIZ1054,6,Education,SA,357951,28760,175701,52761,810,137349,12,2,0,8.13,0.3,0.08,0.384,122940,51135.86,2.617,0.064,0,Established,Excellent,Medium,Low
BIZ1055,16,Professional Services,WA,58581,3267,53795,15190,793,17516,48,1,0,0.19,0.282,0.056,0.299,38605,3445.94,2.33,0.146,0,Mature,Excellent,Small,Low
BIZ1056,1,Healthcare,WA,50985,2426,124468,101356,671,24365,48,2,0,0.49,0.814,0.048,0.478,23112,25492.5,1.244,0.255,0,Startup,Good,Small,Medium
BIZ1057,2,Agriculture,QLD,45880,1354,48657,18367,603,13030,36,1,0,2.64,0.377,0.03,0.284,30290,15293.33,1.298,0.367,0,Startup,Fair,Small,Low
BIZ1058,1,Professional Services,NT,81957,4837,92743,37451,653,11033,36,3,0,1.9,0.404,0.059,0.135,55292,40978.5,5.474,0.208,0,Startup,Good,Small,Low
BIZ1059,3,Transport,VIC,269250,8032,459123,202562,839,158057,24,4,0,7.63,0.441,0.03,0.587,256561,67312.5,0.635,0.174,0,Established,Excellent,Medium,Low
BIZ1060,3,Manufacturing,TAS,142863,26907,155309,75968,764,26161,24,3,0,-0.09,0.489,0.188,0.183,79341,35715.75,12.85,0.106,0,Established,Excellent,Small,Low
BIZ1061,2,Agriculture,SA,138979,19579,71217,49402,554,61808,24,1,0,3.23,0.694,0.141,0.445,21815,46326.33,3.959,0.403,0,Startup,Fair,Medium,Medium
BIZ1062,11,Professional Services,SA,30000,2712,15000,5796,760,5000,36,0,0,0.2,0.386,0.09,0.167,9204,2500.0,6.763,0.05,0,Mature,Excellent,Small,Low
BIZ1063,3,Transport,NT,60764,5995,28617,53233,556,14033,60,0,0,2.83,1.86,0.099,0.231,-24616,15191.0,5.335,0.672,1,Established,Fair,Small,High
BIZ1064,2,Professional Services,ACT,30000,1915,15000,9987,731,8793,36,0,0,8.93,0.666,0.064,0.293,5013,10000.0,2.718,0.235,0,Startup,Good,Small,Medium
BIZ1065,5,Manufacturing,NT,224105,26718,272516,79136,782,34899,24,3,0,7.97,0.29,0.119,0.156,193380,37350.83,9.566,0.085,0,Established,Excellent,Small,Low
BIZ1066,1,Transport,NT,299524,21226,395916,196971,543,89101,24,2,1,3.64,0.498,0.071,0.297,198945,149762.0,2.977,0.603,1,Startup,Fair,Medium,Low
BIZ1067,10,Hospitality,NT,170364,4690,154977,88292,848,23244,36,2,0,4.39,0.57,0.028,0.136,66685,15487.64,2.521,0.195,0,Mature,Excellent,Small,Medium
BIZ1068,1,Healthcare,WA,49476,7568,18921,14167,640,17685,36,0,0,3.91,0.749,0.153,0.357,4754,24738.0,5.345,0.364,0,Startup,Good,Small,Medium
BIZ1069,25,Construction,VIC,278567,33234,666217,289130,804,115617,36,5,0,1.59,0.434,0.119,0.415,377087,10714.12,3.593,0.07,0,Mature,Excellent,Medium,Low
BIZ1070,9,Education,QLD,82679,10560,52732,24317,560,6973,36,2,1,8.25,0.461,0.128,0.084,28415,8267.9,18.896,0.39,0,Mature,Fair,Small,Low
BIZ1071,2,IT,VIC,42187,9038,49610,78913,629,22322,36,1,0,6.46,1.591,0.214,0.529,-29303,14062.33,5.058,0.516,1,Startup,Good,Small,High
BIZ1072,1,Education,ACT,50257,3039,42382,12022,802,7630,24,2,0,3.2,0.284,0.06,0.152,30360,25128.5,4.971,0.163,0,Startup,Excellent,Small,Low
BIZ1073,11,Agriculture,NSW,73049,3461,67784,13605,339,12706,12,3,1,1.85,0.201,0.047,0.174,54179,6087.42,3.402,0.597,1,Mature,Poor,Small,Low
BIZ1074,8,Education,NT,102201,15595,117666,212875,322,42284,12,3,1,2.04,1.809,0.153,0.414,-95209,11355.67,4.609,0.743,1,Established,Poor,Small,High
BIZ1075,8,Transport,VIC,88173,20251,47545,40985,756,27140,24,1,0,3.52,0.862,0.23,0.308,6560,9797.0,9.323,0.172,0,Established,Excellent,Small,Medium
BIZ1076,9,Hospitality,ACT,36722,8591,65799,20371,565,11922,12,4,1,2.39,0.31,0.234,0.325,45428,3672.2,8.998,0.527,1,Mature,Fair,Small,Low
BIZ1077,1,Construction,NSW,230803,48220,73248,43588,764,27808,36,4,0,5.92,0.595,0.209,0.12,29660,115401.5,21.666,0.145,0,Startup,Excellent,Small,Medium
BIZ1078,3,Healthcare,NSW,88838,9011,39004,12095,598,43810,48,0,0,3.94,0.31,0.101,0.493,26909,22209.5,2.57,0.27,0,Established,Fair,Small,Low
BIZ1079,1,Healthcare,NT,59896,10151,106491,79959,544,23322,48,3,2,-0.36,0.751,0.169,0.389,26532,29948.0,5.438,0.572,1,Startup,Fair,Small,Medium
BIZ1080,12,Manufacturing,QLD,214746,388,250499,158953,756,26727,36,3,0,-0.94,0.635,0.002,0.124,91546,16518.92,0.181,0.214,0,Mature,Excellent,Small,Medium
BIZ1081,6,IT,TAS,43114,9519,162078,256847,649,11024,48,2,0,5.47,1.585,0.221,0.256,-94769,6159.14,10.781,0.526,1,Established,Good,Small,High
BIZ1082,3,Professional Services,WA,31564,1330,26924,40877,628,15647,24,3,0,-0.97,1.518,0.042,0.496,-13953,7891.0,1.062,0.535,0,Established,Good,Small,High
BIZ1083,1,Hospitality,VIC,240563,5639,546338,810200,682,87227,48,2,0,1.45,1.483,0.023,0.363,-263862,120281.5,0.808,0.675,0,Startup,Good,Medium,High
BIZ1084,3,Professional Services,NSW,371005,28006,99656,137296,751,40720,36,8,0,1.18,1.378,0.075,0.11,-37640,92751.25,8.594,0.363,1,Established,Excellent,Small,High
BIZ1085,3,Construction,VIC,71434,3750,25044,14649,588,18217,36,2,0,-1.22,0.585,0.052,0.255,10395,17858.5,2.571,0.456,0,Established,Fair,Small,Medium
BIZ1086,8,Education,TAS,95589,6229,133937,41468,650,17538,36,1,0,3.43,0.31,0.065,0.183,92469,10621.0,4.436,0.121,0,Established,Good,Small,Low
BIZ1087,7,Healthcare,WA,44237,1421,15000,7851,506,14801,12,1,1,2.13,0.523,0.032,0.335,7149,5529.62,1.199,0.459,1,Established,Fair,Small,Medium
BIZ1088,14,Construction,TAS,99096,11068,72072,42248,693,50920,60,0,0,0.59,0.586,0.112,0.514,29824,6606.4,2.716,0.183,0,Mature,Good,Medium,Medium
BIZ1089,4,Education,WA,70756,1550,116694,184380,573,20515,24,0,0,8.76,1.58,0.022,0.29,-67686,14151.2,0.944,0.607,1,Established,Fair,Small,High
BIZ1090,1,Healthcare,SA,91904,4347,101641,15539,508,26499,36,1,0,-4.79,0.153,0.047,0.288,86102,45952.0,2.05,0.397,0,Startup,Fair,Small,Low
BIZ1091,8,Education,WA,131463,5233,108351,226016,726,72034,36,0,0,-0.09,2.086,0.04,0.548,-117665,14607.0,0.908,0.435,0,Established,Good,Medium,High
BIZ1092,9,IT,NT,45766,1771,28619,47343,404,16791,12,1,1,0.77,1.654,0.039,0.367,-18724,4576.6,1.317,0.796,1,Mature,Poor,Small,High
BIZ1093,5,Hospitality,QLD,76629,7255,70832,104577,482,27694,24,3,0,-1.58,1.476,0.095,0.361,-33745,12771.5,3.273,0.845,1,Established,Poor,Small,High
BIZ1094,9,Agriculture,TAS,30000,1263,34728,58573,662,5821,12,1,0,9.27,1.687,0.042,0.194,-23845,3000.0,2.706,0.486,0,Mature,Good,Small,High
BIZ1095,5,Construction,NSW,76996,2056,42402,12504,675,29585,24,1,0,9.24,0.295,0.027,0.384,29898,12832.67,0.868,0.278,0,Established,Good,Small,Low
BIZ1096,5,Construction,NT,92465,3910,94620,22914,764,33911,48,1,0,0.45,0.242,0.042,0.367,71706,15410.83,1.441,0.174,0,Established,Excellent,Small,Low
BIZ1097,4,Retail,SA,115877,2479,181197,36349,668,31086,36,1,0,6.31,0.201,0.021,0.268,144848,23175.4,0.996,0.317,0,Established,Good,Small,Low
BIZ1098,1,Transport,QLD,116739,3616,83634,31602,412,69445,24,1,0,4.29,0.378,0.031,0.595,52032,58369.5,0.651,0.525,0,Startup,Poor,Medium,Low
BIZ1099,1,IT,VIC,185859,14423,158517,114616,625,99442,36,4,0,7.47,0.723,0.078,0.535,43901,92929.5,1.813,0.398,1,Startup,Good,Medium,Medium
BIZ1100,1,IT,NT,33598,476,36771,47221,382,15531,60,2,1,2.18,1.284,0.014,0.462,-10450,16799.0,0.383,0.754,1,Startup,Poor,Small,High
BIZ1101,7,Professional Services,TAS,34877,4729,39750,85878,836,12051,24,2,0,3.79,2.16,0.136,0.346,-46128,4359.62,4.9,0.315,0,Established,Excellent,Small,High
BIZ1102,3,Education,ACT,142952,7503,198260,131068,780,43476,24,1,0,6.71,0.661,0.052,0.304,67192,35738.0,2.157,0.219,0,Established,Excellent,Small,Medium
BIZ1103,5,Transport,ACT,30000,1753,15000,1559,745,5000,60,1,0,6.25,0.104,0.058,0.167,13441,5000.0,4.372,0.187,0,Established,Good,Small,Low
BIZ1104,15,Hospitality,NSW,112230,20233,66899,31766,686,24483,24,1,0,2.95,0.475,0.18,0.218,35133,7014.38,10.325,0.187,0,Mature,Good,Small,Low
BIZ1105,2,Hospitality,WA,43208,865,26334,9244,541,20553,36,1,0,-0.33,0.351,0.02,0.476,17090,14402.67,0.526,0.632,1,Startup,Fair,Small,Low
BIZ1106,4,IT,NSW,296846,8681,141297,32320,659,88923,24,2,0,0.21,0.229,0.029,0.3,108977,59369.2,1.22,0.229,0,Established,Good,Medium,Low
BIZ1107,9,Hospitality,ACT,117632,11800,32737,28681,842,62962,60,2,1,-3.05,0.876,0.1,0.535,4056,11763.2,2.342,0.307,0,Mature,Excellent,Medium,Medium
BIZ1108,2,Retail,VIC,84676,4446,15000,1554,522,11122,60,2,1,4.86,0.104,0.053,0.131,13446,28225.33,4.991,0.685,1,Startup,Fair,Small,Low
BIZ1109,1,Construction,SA,233142,21908,391082,75943,566,76841,48,5,0,3.14,0.194,0.094,0.33,315139,116571.0,3.563,0.426,0,Startup,Fair,Medium,Low
BIZ1110,3,Manufacturing,SA,46892,5446,15112,2343,661,19030,36,4,0,3.37,0.155,0.116,0.406,12769,11723.0,3.575,0.128,0,Established,Good,Small,Low
BIZ1111,2,Agriculture,TAS,53562,1786,112251,80642,632,17903,36,5,1,2.42,0.718,0.033,0.334,31609,17854.0,1.246,0.592,1,Startup,Good,Small,Medium
BIZ1112,16,Professional Services,SA,40822,562,52084,37438,597,22006,24,3,1,-0.93,0.719,0.014,0.539,14646,2401.29,0.319,0.497,0,Mature,Fair,Small,Medium
BIZ1113,10,Education,TAS,53877,6377,34580,18027,797,32016,48,2,0,3.44,0.521,0.118,0.594,16553,4897.91,2.489,0.096,0,Mature,Excellent,Small,Medium
BIZ1114,7,Agriculture,NT,103030,504,122104,80520,389,11715,60,1,0,4.32,0.659,0.005,0.114,41584,12878.75,0.537,0.615,1,Established,Poor,Small,Medium
BIZ1115,13,Education,TAS,139492,11396,147390,323542,506,16944,36,2,0,-0.1,2.195,0.082,0.121,-176152,9963.71,8.401,0.604,1,Mature,Fair,Small,High
BIZ1116,10,Healthcare,NT,193492,16175,81791,9326,735,23543,36,3,0,2.41,0.114,0.084,0.122,72465,17590.18,8.583,0.158,0,Mature,Good,Small,Low
BIZ1117,2,Agriculture,TAS,30000,626,24342,15173,615,12739,24,0,0,0.55,0.623,0.021,0.425,9169,10000.0,0.614,0.477,1,Startup,Fair,Small,Medium
BIZ1118,14,Manufacturing,ACT,87526,19184,39806,33986,712,22316,36,2,0,1.85,0.854,0.219,0.255,5820,5835.07,10.74,0.188,0,Mature,Good,Small,Medium
BIZ1119,5,IT,ACT,45446,2848,55091,42447,543,20601,36,4,0,-0.91,0.77,0.063,0.453,12644,7574.33,1.727,0.474,1,Established,Fair,Small,Medium
BIZ1120,10,Retail,WA,85502,3069,45577,93495,404,23342,36,1,1,1.7,2.051,0.036,0.273,-47918,7772.91,1.643,1.0,1,Mature,Poor,Small,High
BIZ1121,14,Construction,NT,505809,35217,390794,163555,306,199887,36,2,0,7.38,0.419,0.07,0.395,227239,33720.6,2.202,0.606,1,Mature,Poor,Medium,Low
BIZ1122,3,Construction,QLD,121091,17199,91164,76232,818,57327,12,1,0,0.99,0.836,0.142,0.473,14932,30272.75,3.749,0.238,0,Established,Excellent,Medium,Medium
BIZ1123,1,Retail,NT,185280,3197,163173,45884,696,65129,48,6,0,0.46,0.281,0.017,0.352,117289,92640.0,0.613,0.308,0,Startup,Good,Medium,Low
BIZ1124,2,Transport,TAS,389447,12282,864594,487767,819,135031,48,1,0,0.65,0.564,0.032,0.347,376827,129815.67,1.137,0.164,0,Startup,Excellent,Medium,Medium
BIZ1125,4,Healthcare,TAS,217325,25879,153979,59314,557,21412,60,3,0,1.93,0.385,0.119,0.099,94665,43465.0,15.099,0.293,0,Established,Fair,Small,Low
BIZ1126,11,Education,QLD,72146,11706,122663,25685,635,19907,48,2,0,7.88,0.209,0.162,0.276,96978,6012.17,7.346,0.26,0,Mature,Good,Small,Low
BIZ1127,12,Manufacturing,NSW,40413,1364,44130,22807,734,14151,36,4,0,6.72,0.517,0.034,0.35,21323,3108.69,1.204,0.213,0,Mature,Good,Small,Medium
BIZ1128,1,Hospitality,TAS,96654,20891,185337,137018,790,29391,24,0,0,2.07,0.739,0.216,0.304,48319,48327.0,8.881,0.294,0,Startup,Excellent,Small,Medium
BIZ1129,5,Agriculture,WA,66343,990,44335,10232,701,36185,60,2,0,0.57,0.231,0.015,0.545,34103,11057.17,0.342,0.245,0,Established,Good,Small,Low
BIZ1130,4,Healthcare,SA,33956,1688,42213,27549,683,18627,36,3,0,-2.78,0.653,0.05,0.549,14664,6791.2,1.132,0.274,0,Established,Good,Small,Medium
BIZ1131,2,Agriculture,SA,116850,14696,92326,73492,378,58665,36,0,0,-0.23,0.796,0.126,0.502,18834,38950.0,3.131,0.581,1,Startup,Poor,Medium,Medium
BIZ1132,1,Manufacturing,VIC,118909,13433,16195,4820,691,30489,36,0,0,-3.42,0.298,0.113,0.256,11375,59454.5,5.505,0.15,0,Startup,Good,Small,Low
BIZ1133,3,Professional Services,VIC,340571,74027,144997,94285,682,151388,48,0,0,4.72,0.65,0.217,0.445,50712,85142.75,6.112,0.243,0,Established,Good,Medium,Medium
BIZ1134,18,Professional Services,SA,76631,5925,88981,49511,804,20491,12,1,0,6.51,0.556,0.077,0.267,39470,4033.21,3.612,0.084,0,Mature,Excellent,Small,Medium
BIZ1135,3,Healthcare,SA,120100,13883,134032,105044,555,21368,24,3,2,1.37,0.784,0.116,0.178,28988,30025.0,8.117,0.494,1,Established,Fair,Small,Medium
BIZ1136,5,IT,ACT,61954,13347,23322,8917,573,14782,36,3,2,3.65,0.382,0.215,0.239,14405,10325.67,11.277,0.422,0,Established,Fair,Small,Low
BIZ1137,8,Manufacturing,WA,181901,2070,169980,53318,643,16194,48,1,0,-0.77,0.314,0.011,0.089,116662,20211.22,1.597,0.324,0,Established,Good,Small,Low
BIZ1138,3,Manufacturing,QLD,90469,2772,100179,50805,618,21032,36,1,0,-3.32,0.507,0.031,0.232,49374,22617.25,1.647,0.283,0,Established,Fair,Small,Medium
BIZ1139,22,Retail,VIC,43442,1365,34835,71154,475,13180,36,2,0,2.67,2.043,0.031,0.303,-36319,1888.78,1.293,0.913,1,Mature,Poor,Small,High
BIZ1140,20,IT,ACT,97789,16070,123977,65434,833,56278,36,1,0,3.65,0.528,0.164,0.575,58543,4656.62,3.569,0.062,0,Mature,Excellent,Medium,Medium
BIZ1141,2,Education,ACT,129750,8217,151584,40185,692,28853,48,2,0,7.61,0.265,0.063,0.222,111399,43250.0,3.558,0.22,0,Startup,Good,Small,Low
BIZ1142,5,Education,QLD,118029,15759,94617,75938,805,64485,48,4,0,8.69,0.803,0.134,0.546,18679,19671.5,3.054,0.176,0,Established,Excellent,Medium,Medium
BIZ1143,3,Hospitality,ACT,205279,32558,123701,150476,822,36102,36,3,0,1.66,1.216,0.159,0.176,-26775,51319.75,11.269,0.343,0,Established,Excellent,Small,High
BIZ1144,3,Construction,NT,35823,1461,54823,7039,585,5553,24,1,0,5.24,0.128,0.041,0.155,47784,8955.75,3.281,0.467,0,Established,Fair,Small,Low
BIZ1145,1,Professional Services,WA,54725,2723,59158,118370,634,18357,60,1,0,3.45,2.001,0.05,0.335,-59212,27362.5,1.853,0.606,1,Startup,Good,Small,High
BIZ1146,6,Education,SA,154484,11030,55214,79824,390,64864,36,3,2,2.51,1.446,0.071,0.42,-24610,22069.14,2.125,0.808,1,Established,Poor,Medium,High
BIZ1147,5,IT,TAS,59415,1373,55538,22179,814,5000,48,1,0,2.39,0.399,0.023,0.084,33359,9902.5,3.424,0.127,0,Established,Excellent,Small,Low
BIZ1148,1,Manufacturing,QLD,116813,4105,47940,98241,702,20043,24,1,0,2.07,2.049,0.035,0.172,-50301,58406.5,2.559,0.45,0,Startup,Good,Small,High
BIZ1149,2,Education,SA,30000,3879,15000,7218,609,9018,36,2,0,2.19,0.481,0.129,0.301,7782,10000.0,5.369,0.261,0,Startup,Fair,Small,Low
BIZ1150,15,Manufacturing,SA,660770,32863,365863,588098,511,153333,48,1,0,7.47,1.607,0.05,0.232,-222235,41298.12,2.679,0.581,1,Mature,Fair,Medium,High
BIZ1151,2,Education,NSW,81731,7211,68741,45175,673,36120,12,1,0,3.14,0.657,0.088,0.442,23566,27243.67,2.495,0.238,0,Startup,Good,Small,Medium
BIZ1152,1,Professional Services,NT,227696,8818,233388,196180,608,75398,36,3,0,7.73,0.841,0.039,0.331,37208,113848.0,1.462,0.359,0,Startup,Fair,Medium,Medium
BIZ1153,5,Agriculture,QLD,77977,4548,49951,43082,534,10776,36,2,0,-0.19,0.862,0.058,0.138,6869,12996.17,5.269,0.515,0,Established,Fair,Small,Medium
BIZ1154,25,Education,ACT,131964,9705,86783,60969,835,71518,48,5,0,-6.0,0.703,0.074,0.542,25814,5075.54,1.696,0.186,0,Mature,Excellent,Medium,Medium
BIZ1155,2,IT,TAS,280504,24357,169803,55196,844,59213,24,1,0,1.11,0.325,0.087,0.211,114607,93501.33,5.141,0.122,0,Startup,Excellent,Medium,Low
BIZ1156,7,Education,QLD,223253,22022,342685,268411,571,100937,24,2,1,-0.01,0.783,0.099,0.452,74274,27906.62,2.727,0.422,0,Established,Fair,Medium,Medium
BIZ1157,9,Construction,ACT,85552,8260,15000,2127,623,40975,60,0,0,-1.98,0.142,0.097,0.479,12873,8555.2,2.519,0.376,0,Mature,Good,Small,Low
BIZ1158,2,Professional Services,SA,89798,17781,61090,21075,827,52059,36,6,0,6.4,0.345,0.198,0.58,40015,29932.67,4.268,0.086,0,Startup,Excellent,Medium,Low
BIZ1159,8,IT,TAS,199286,30446,412292,162930,336,64604,24,1,0,-1.51,0.395,0.153,0.324,249362,22142.89,5.89,0.372,0,Established,Poor,Medium,Low
BIZ1160,3,Retail,ACT,505483,8472,564450,390887,849,196486,24,1,0,4.25,0.693,0.017,0.389,173563,126370.75,0.539,0.322,0,Established,Excellent,Medium,Medium
BIZ1161,7,IT,WA,112938,8515,197738,91384,589,26448,60,0,0,8.54,0.462,0.075,0.234,106354,14117.25,4.023,0.287,1,Established,Fair,Small,Low
BIZ1162,7,Construction,ACT,388459,37502,93844,24754,687,164317,24,4,0,-0.95,0.264,0.097,0.423,69090,48557.38,2.853,0.205,0,Established,Good,Medium,Low
BIZ1163,5,Agriculture,NSW,83367,1359,32391,15587,748,25415,36,3,0,1.81,0.481,0.016,0.305,16804,13894.5,0.668,0.24,0,Established,Good,Small,Low
BIZ1164,1,Professional Services,NT,192215,15427,214228,95582,627,55878,36,2,0,6.56,0.446,0.08,0.291,118646,96107.5,3.45,0.318,0,Startup,Good,Medium,Low
BIZ1165,11,Retail,SA,213375,21104,442937,318596,835,111063,48,0,0,1.25,0.719,0.099,0.521,124341,17781.25,2.375,0.227,1,Mature,Excellent,Medium,Medium
BIZ1166,3,Construction,ACT,74089,15754,30585,70940,430,5748,48,5,1,3.5,2.319,0.213,0.078,-40355,18522.25,34.185,1.0,1,Established,Poor,Small,High
BIZ1167,2,Construction,NT,58515,12303,37963,10407,558,31310,36,0,0,4.42,0.274,0.21,0.535,27556,19505.0,4.91,0.394,1,Startup,Fair,Small,Low
BIZ1168,1,Healthcare,VIC,220085,28592,229268,315196,669,114144,12,1,0,3.02,1.375,0.13,0.519,-85928,110042.5,3.131,0.429,1,Startup,Good,Medium,High
BIZ1169,6,Professional Services,VIC,68044,8367,23304,19223,789,22352,48,2,0,1.16,0.825,0.123,0.328,4081,9720.57,4.676,0.149,0,Established,Excellent,Small,Medium
BIZ1170,7,IT,NT,52783,8929,59098,45603,507,16870,36,2,1,0.16,0.772,0.169,0.32,13495,6597.88,6.611,0.547,1,Established,Fair,Small,Medium
BIZ1171,1,Manufacturing,NT,61158,17853,15000,11141,842,15227,60,4,0,-0.78,0.743,0.292,0.249,3859,30579.0,14.644,0.196,0,Startup,Excellent,Small,Medium
BIZ1172,5,Agriculture,NSW,67851,5316,74638,141088,596,40493,36,2,1,4.29,1.89,0.078,0.597,-66450,11308.5,1.641,0.791,1,Established,Fair,Small,High
BIZ1173,2,Manufacturing,WA,179805,26977,81030,11500,610,19984,36,3,1,0.53,0.142,0.15,0.111,69530,59935.0,16.864,0.387,0,Startup,Fair,Small,Low
BIZ1174,7,IT,SA,141567,17088,88607,73424,765,53033,12,2,0,6.09,0.829,0.121,0.375,15183,17695.88,4.027,0.129,0,Established,Excellent,Medium,Medium
BIZ1175,2,IT,QLD,162911,7736,197222,108258,431,69224,48,1,0,7.27,0.549,0.047,0.425,88964,54303.67,1.397,0.434,1,Startup,Poor,Medium,Medium
BIZ1176,8,Professional Services,NSW,132583,177,141962,119167,701,74761,36,1,0,-0.97,0.839,0.001,0.564,22795,14731.44,0.03,0.282,0,Established,Good,Medium,Medium
BIZ1177,3,IT,WA,65141,6123,53078,117418,444,31209,36,1,0,4.71,2.212,0.094,0.479,-64340,16285.25,2.451,0.693,1,Established,Poor,Small,High
BIZ1178,17,Healthcare,NT,160808,5699,235482,113808,526,64985,24,5,0,8.68,0.483,0.035,0.404,121674,8933.78,1.096,0.408,0,Mature,Fair,Medium,Low
BIZ1179,1,Retail,QLD,225870,10366,66676,56535,717,25804,24,1,0,-0.07,0.848,0.046,0.114,10141,112935.0,5.019,0.42,0,Startup,Good,Small,Medium
BIZ1180,3,IT,NT,148620,22075,137557,92549,686,37980,24,3,0,6.1,0.673,0.149,0.256,45008,37155.0,7.263,0.255,0,Established,Good,Small,Medium
BIZ1181,1,Manufacturing,NT,135233,31755,68916,8175,737,17088,36,3,0,4.19,0.119,0.235,0.126,60741,67616.5,23.212,0.154,0,Startup,Good,Small,Low
BIZ1182,16,IT,VIC,57702,4834,81950,31308,738,30851,48,1,0,5.38,0.382,0.084,0.535,50642,3394.24,1.958,0.166,0,Mature,Good,Small,Low
BIZ1183,13,Healthcare,VIC,114493,14188,141564,71004,561,52929,36,2,0,0.23,0.502,0.124,0.462,70560,8178.07,3.35,0.269,0,Mature,Fair,Medium,Medium
BIZ1184,2,Education,QLD,55594,7591,70251,89737,699,25942,48,3,0,8.22,1.277,0.137,0.467,-19486,18531.33,3.656,0.311,0,Startup,Good,Small,High
BIZ1185,7,Education,NSW,97069,20430,213289,115195,828,39676,12,0,0,0.49,0.54,0.21,0.409,98094,12133.62,6.434,0.095,0,Established,Excellent,Small,Medium
BIZ1186,11,Construction,VIC,31313,5938,50392,68999,828,10298,36,0,0,4.42,1.369,0.19,0.329,-18607,2609.42,7.199,0.426,0,Mature,Excellent,Small,High
BIZ1187,5,Agriculture,SA,31483,1301,23452,14315,336,5000,36,2,0,2.31,0.61,0.041,0.159,9137,5247.17,3.244,0.533,0,Established,Poor,Small,Medium
BIZ1188,5,Hospitality,NT,86358,17929,70650,30956,488,19977,60,2,0,4.11,0.438,0.208,0.231,39694,14393.0,11.212,0.481,0,Established,Poor,Small,Low
BIZ1189,2,Retail,TAS,67244,9057,78956,17269,808,8425,48,0,0,-0.45,0.219,0.135,0.125,61687,22414.67,13.418,0.128,0,Startup,Excellent,Small,Low
BIZ1190,1,Transport,ACT,106377,1480,94508,22843,716,47731,36,1,0,-1.18,0.242,0.014,0.449,71665,53188.5,0.387,0.265,0,Startup,Good,Small,Low
BIZ1191,14,Construction,QLD,89828,10514,112280,51916,633,12407,48,0,0,3.36,0.462,0.117,0.138,60364,5988.53,10.582,0.343,1,Mature,Good,Small,Low
BIZ1192,14,Agriculture,QLD,100824,10007,21653,9968,828,43975,24,5,0,1.4,0.46,0.099,0.436,11685,6721.6,2.844,0.093,0,Mature,Excellent,Small,Low
BIZ1193,7,Education,VIC,151149,22957,382507,290270,555,65105,36,2,1,1.3,0.759,0.152,0.431,92237,18893.62,4.407,0.455,1,Established,Fair,Medium,Medium
BIZ1194,3,Manufacturing,NSW,71375,10591,60616,52552,730,21599,12,1,0,4.13,0.867,0.148,0.303,8064,17843.75,6.126,0.209,1,Established,Good,Small,Medium
BIZ1195,3,Transport,NT,84659,21295,26184,3952,756,10529,36,7,0,-1.98,0.151,0.252,0.124,22232,21164.75,25.251,0.159,0,Established,Excellent,Small,Low
BIZ1196,8,Agriculture,SA,273351,73770,129344,55551,685,60995,24,1,0,6.12,0.429,0.27,0.223,73793,30372.33,15.115,0.134,0,Established,Good,Medium,Low
BIZ1197,14,Agriculture,NSW,98929,34173,22574,5958,613,22363,48,1,0,2.86,0.264,0.345,0.226,16616,6595.27,19.091,0.29,0,Mature,Fair,Small,Low
BIZ1198,14,Construction,WA,87077,17915,37064,22249,308,37896,36,3,1,4.79,0.6,0.206,0.435,14815,5805.13,5.907,0.788,1,Mature,Poor,Small,Medium
BIZ1199,10,Transport,WA,104585,7898,78621,22714,524,11771,48,3,0,4.08,0.289,0.076,0.113,55907,9507.73,8.378,0.425,0,Mature,Fair,Small,Low
BIZ1200,7,Professional Services,TAS,88172,2735,179131,57596,823,44613,36,3,0,4.25,0.322,0.031,0.506,121535,11021.5,0.766,0.137,0,Established,Excellent,Small,Low
BIZ1201,1,Hospitality,VIC,60072,18300,62925,93219,513,28146,12,1,1,-1.1,1.481,0.305,0.469,-30294,30036.0,8.124,1.0,1,Startup,Fair,Small,High
BIZ1202,2,Professional Services,VIC,49088,4533,46216,71294,370,7484,48,0,0,5.99,1.543,0.092,0.152,-25078,16362.67,7.559,0.629,1,Startup,Poor,Small,High
BIZ1203,14,Transport,VIC,57849,5877,23969,3116,815,25774,48,2,0,3.32,0.13,0.102,0.446,20853,3856.6,2.849,0.09,0,Mature,Excellent,Small,Low
BIZ1204,6,Professional Services,TAS,181869,6776,90794,47015,547,75963,60,2,2,1.08,0.518,0.037,0.418,43779,25981.29,1.115,0.48,0,Established,Fair,Medium,Medium
BIZ1205,1,Healthcare,WA,63517,17562,33219,13987,418,29310,36,2,2,2.12,0.421,0.276,0.461,19232,31758.5,7.487,0.578,0,Startup,Poor,Small,Low
BIZ1206,1,Education,NSW,88570,12839,47470,36622,503,13631,48,3,1,3.59,0.771,0.145,0.154,10848,44285.0,11.763,0.583,1,Startup,Fair,Small,Medium
BIZ1207,7,Healthcare,TAS,161218,36048,106893,73662,578,22034,48,1,0,3.04,0.689,0.224,0.137,33231,20152.25,20.439,0.299,0,Established,Fair,Small,Medium
BIZ1208,1,IT,TAS,81237,5704,56360,19745,724,14628,24,1,0,4.29,0.35,0.07,0.18,36615,40618.5,4.87,0.194,0,Startup,Good,Small,Low
BIZ1209,2,Professional Services,NSW,153791,33836,102734,65181,772,38636,24,1,0,7.46,0.634,0.22,0.251,37553,51263.67,10.944,0.135,0,Startup,Excellent,Small,Medium
BIZ1210,5,IT,VIC,33571,1366,18372,3703,765,16332,12,2,0,-0.61,0.202,0.041,0.486,14669,5595.17,1.045,0.108,0,Established,Excellent,Small,Low
BIZ1211,8,Manufacturing,SA,89970,1363,79878,35457,704,41013,36,2,0,4.75,0.444,0.015,0.456,44421,9996.67,0.415,0.242,0,Established,Good,Small,Low
BIZ1212,7,Retail,NSW,104320,13988,70726,26881,626,58314,36,1,0,2.18,0.38,0.134,0.559,43845,13040.0,2.998,0.383,0,Established,Good,Medium,Low
BIZ1213,2,Manufacturing,WA,100327,5598,31534,22262,643,8251,60,1,0,5.93,0.706,0.056,0.082,9272,33442.33,8.468,0.386,0,Startup,Good,Small,Medium
BIZ1214,8,Transport,QLD,31037,3459,25940,8918,601,5000,36,1,0,7.38,0.344,0.111,0.161,17022,3448.56,8.626,0.243,0,Established,Fair,Small,Low
BIZ1215,2,Agriculture,NT,229160,33699,174925,23864,379,99576,48,0,0,3.09,0.136,0.147,0.435,151061,76386.67,4.23,0.447,0,Startup,Poor,Medium,Low
BIZ1216,3,Education,QLD,54270,3144,17222,4986,827,11049,36,0,0,4.36,0.289,0.058,0.204,12236,13567.5,3.553,0.12,0,Established,Excellent,Small,Low
BIZ1217,9,Professional Services,ACT,124807,7254,71663,12718,540,29172,24,3,2,6.15,0.177,0.058,0.234,58945,12480.7,3.107,0.529,1,Mature,Fair,Small,Low
BIZ1218,7,Construction,ACT,99267,11158,116286,97051,615,34817,12,1,0,5.49,0.835,0.112,0.351,19235,12408.38,4.005,0.49,0,Established,Fair,Small,Medium
BIZ1219,12,Retail,TAS,199306,23419,82514,30078,708,21191,36,2,0,6.27,0.365,0.118,0.106,52436,15331.23,13.806,0.208,0,Mature,Good,Small,Low
BIZ1220,7,Hospitality,NT,456453,46560,177359,82383,745,184170,48,3,0,1.61,0.464,0.102,0.403,94976,57056.62,3.16,0.188,0,Established,Good,Medium,Low
BIZ1221,6,Hospitality,QLD,40004,5865,26951,17545,453,9154,60,2,1,0.95,0.651,0.147,0.229,9406,5714.86,7.998,0.746,1,Established,Poor,Small,Medium
BIZ1222,1,Hospitality,SA,62677,9231,74571,60810,470,24945,36,2,0,-0.91,0.815,0.147,0.398,13761,31338.5,4.623,0.631,1,Startup,Poor,Small,Medium
BIZ1223,3,Professional Services,VIC,112686,16519,273363,542553,594,57323,48,3,1,1.91,1.985,0.147,0.509,-269190,28171.5,3.601,0.636,1,Established,Fair,Medium,High
BIZ1224,2,Hospitality,WA,45535,2288,55359,31379,749,6562,36,0,0,2.25,0.567,0.05,0.144,23980,15178.33,4.35,0.252,0,Startup,Good,Small,Medium
BIZ1225,2,Healthcare,ACT,170676,37675,267913,106985,581,95916,36,1,1,2.07,0.399,0.221,0.562,160928,56892.0,4.909,0.396,0,Startup,Fair,Medium,Low
BIZ1226,22,Retail,SA,178146,4518,179580,117496,688,60904,36,1,0,3.98,0.654,0.025,0.342,62084,7745.48,0.927,0.33,0,Mature,Good,Medium,Medium
BIZ1227,3,Healthcare,WA,146036,11599,79263,68279,665,81431,12,2,0,4.05,0.861,0.079,0.558,10984,36509.0,1.78,0.23,0,Established,Good,Medium,Medium
BIZ1228,14,Agriculture,WA,116495,5609,141016,56512,786,19134,12,5,0,2.3,0.401,0.048,0.164,84504,7766.33,3.662,0.175,0,Mature,Excellent,Small,Low
BIZ1229,6,Retail,VIC,257505,11437,200271,308294,532,98498,12,2,0,3.54,1.539,0.044,0.383,-108023,36786.43,1.451,0.865,1,Established,Fair,Medium,High
BIZ1230,10,Healthcare,NT,43961,745,45128,10799,439,11963,36,1,0,4.98,0.239,0.017,0.272,34329,3996.45,0.778,0.472,0,Mature,Poor,Small,Low
BIZ1231,5,Retail,TAS,103330,3068,47957,114241,694,49166,48,2,0,0.1,2.382,0.03,0.476,-66284,17221.67,0.78,0.667,1,Established,Good,Small,High
BIZ1232,6,Agriculture,QLD,58855,4026,63748,130301,663,22556,24,4,0,5.3,2.044,0.068,0.383,-66553,8407.86,2.23,0.503,0,Established,Good,Small,High
BIZ1233,5,IT,VIC,184046,30099,140173,88105,350,59259,36,2,2,0.67,0.629,0.164,0.322,52068,30674.33,6.348,0.631,1,Established,Poor,Medium,Medium
BIZ1234,2,Professional Services,SA,30000,3129,28217,38826,662,16564,24,2,0,6.82,1.376,0.104,0.552,-10609,10000.0,2.36,0.404,0,Startup,Good,Small,High
BIZ1235,8,Professional Services,TAS,96794,3838,75304,65297,455,24916,48,2,1,3.0,0.867,0.04,0.257,10007,10754.89,1.925,0.549,1,Established,Poor,Small,Medium
BIZ1236,2,Hospitality,SA,124824,15143,86537,14634,398,21343,48,1,1,2.69,0.169,0.121,0.171,71903,41608.0,8.864,0.71,1,Startup,Poor,Small,Low
BIZ1237,1,Manufacturing,TAS,50856,2596,55690,40136,695,19551,48,1,0,-2.87,0.721,0.051,0.384,15554,25428.0,1.659,0.285,0,Startup,Good,Small,Medium
BIZ1238,7,Hospitality,NT,63682,6281,40863,8838,601,25040,36,0,0,4.47,0.216,0.099,0.393,32025,7960.25,3.134,0.364,0,Established,Fair,Small,Low
BIZ1239,2,Transport,ACT,99784,8795,31493,10893,844,29087,24,1,0,2.79,0.346,0.088,0.291,20600,33261.33,3.778,0.097,0,Startup,Excellent,Small,Low
BIZ1240,17,Healthcare,SA,192637,17450,51235,26640,737,61188,48,1,0,3.02,0.52,0.091,0.318,24595,10702.06,3.564,0.118,0,Mature,Good,Medium,Medium
BIZ1241,19,Retail,VIC,47905,4052,43810,21244,682,27677,24,0,0,2.22,0.485,0.085,0.578,22566,2395.25,1.829,0.168,0,Mature,Good,Small,Low
BIZ1242,15,Manufacturing,TAS,54126,10519,33885,12247,694,24517,24,3,1,4.38,0.361,0.194,0.453,21638,3382.88,5.36,0.275,0,Mature,Good,Small,Low
BIZ1243,3,Agriculture,TAS,217056,20698,62972,50643,683,24056,24,2,0,4.98,0.804,0.095,0.111,12329,54264.0,10.75,0.255,0,Established,Good,Small,Medium
BIZ1244,1,Transport,WA,81545,2697,71170,170029,355,13591,36,5,0,3.95,2.389,0.033,0.167,-98859,40772.5,2.478,0.845,1,Startup,Poor,Small,High
BIZ1245,16,Agriculture,WA,57280,3483,44328,8126,813,33598,36,1,0,6.45,0.183,0.061,0.587,36202,3369.41,1.295,0.105,0,Mature,Excellent,Small,Low
BIZ1246,4,Professional Services,NSW,164403,19887,99738,30906,837,73908,36,1,0,0.34,0.31,0.121,0.45,68832,32880.6,3.363,0.088,0,Established,Excellent,Medium,Low
BIZ1247,21,Professional Services,SA,70140,14593,66591,21444,551,38806,36,1,0,0.72,0.322,0.208,0.553,45147,3188.18,4.699,0.26,0,Mature,Fair,Small,Low
BIZ1248,20,Hospitality,WA,202641,3385,365217,315657,455,43998,24,3,1,3.72,0.864,0.017,0.217,49560,9649.57,0.961,0.78,1,Mature,Poor,Small,Medium
BIZ1249,12,Healthcare,NSW,62031,3301,109770,20631,338,28411,60,2,1,4.49,0.188,0.053,0.458,89139,4771.62,1.452,0.513,1,Mature,Poor,Small,Low
BIZ1250,3,Manufacturing,ACT,88281,7465,78789,67275,632,39082,36,0,0,4.05,0.854,0.085,0.443,11514,22070.25,2.387,0.372,0,Established,Good,Small,Medium
BIZ1251,3,Education,ACT,191277,4061,148843,36557,671,40565,36,2,1,-1.36,0.246,0.021,0.212,112286,47819.25,1.251,0.303,0,Established,Good,Small,Low
BIZ1252,12,Transport,WA,84256,8071,75830,36684,795,29738,36,2,0,-1.11,0.484,0.096,0.353,39146,6481.23,3.391,0.124,0,Mature,Excellent,Small,Low
BIZ1253,3,Transport,SA,167583,17643,165154,353178,751,66208,24,1,0,1.95,2.138,0.105,0.395,-188024,41895.75,3.33,0.433,0,Established,Excellent,Medium,High
BIZ1254,2,Hospitality,TAS,94288,11985,65718,26421,629,29665,24,0,0,-2.87,0.402,0.127,0.315,39297,31429.33,5.048,0.415,1,Startup,Good,Small,Low
BIZ1255,5,Professional Services,QLD,395214,61738,359298,248878,665,199562,36,0,0,3.28,0.693,0.156,0.505,110420,65869.0,3.867,0.241,0,Established,Good,Medium,Medium
BIZ1256,17,Hospitality,NT,296008,27360,94274,19440,726,150395,24,2,0,2.28,0.206,0.092,0.508,74834,16444.89,2.274,0.146,0,Mature,Good,Medium,Low
BIZ1257,8,Retail,SA,38961,10091,33494,29959,704,20175,24,2,0,-0.24,0.894,0.259,0.518,3535,4329.0,6.248,0.312,0,Established,Good,Small,Medium
BIZ1258,6,Manufacturing,NT,142282,6152,155073,128470,657,69986,48,4,0,0.84,0.828,0.043,0.492,26603,20326.0,1.099,0.298,0,Established,Good,Medium,Medium
BIZ1259,1,Healthcare,VIC,55743,9977,34016,9867,729,17751,36,2,0,2.83,0.29,0.179,0.318,24149,27871.5,7.021,0.188,0,Startup,Good,Small,Low
BIZ1260,6,IT,ACT,112877,14324,87270,41719,684,29324,36,1,0,-1.98,0.478,0.127,0.26,45551,16125.29,6.103,0.142,0,Established,Good,Small,Low
BIZ1261,25,Construction,WA,103555,2260,43519,8085,684,52528,36,3,0,0.69,0.186,0.022,0.507,35434,3982.88,0.538,0.254,0,Mature,Good,Medium,Low
BIZ1262,1,Construction,WA,47156,1920,18233,9847,746,15071,60,2,1,1.71,0.54,0.041,0.32,8386,23578.0,1.591,0.399,0,Startup,Good,Small,Medium
BIZ1263,5,Hospitality,NT,207096,33130,192418,123334,743,38417,24,0,0,1.6,0.641,0.16,0.186,69084,34516.0,10.776,0.285,0,Established,Good,Small,Medium
BIZ1264,13,Retail,TAS,113813,18865,60148,39769,666,37448,48,1,0,1.69,0.661,0.166,0.329,20379,8129.5,6.295,0.289,0,Mature,Good,Small,Medium
BIZ1265,9,Manufacturing,NT,80880,4023,22802,11551,638,10354,36,0,0,6.58,0.507,0.05,0.128,11251,8088.0,4.851,0.269,0,Mature,Good,Small,Medium
BIZ1266,8,Education,VIC,72643,3362,30523,11347,662,31265,24,3,1,5.35,0.372,0.046,0.43,19176,8071.44,1.344,0.264,0,Established,Good,Small,Low
BIZ1267,8,Construction,TAS,108862,6052,49911,23691,623,25556,24,3,0,0.57,0.475,0.056,0.235,26220,12095.78,2.959,0.41,0,Established,Good,Small,Low
BIZ1268,3,Manufacturing,VIC,131340,18198,171149,73727,528,25396,36,3,1,-0.61,0.431,0.139,0.193,97422,32835.0,8.953,0.438,0,Established,Fair,Small,Low
BIZ1269,3,Healthcare,QLD,90446,6062,82452,36095,374,52104,36,4,2,1.26,0.438,0.067,0.576,46357,22611.5,1.454,0.572,1,Established,Poor,Medium,Low
BIZ1270,10,Agriculture,ACT,30000,5933,15000,4914,742,14318,24,0,0,6.18,0.328,0.198,0.477,10086,2727.27,5.175,0.147,0,Mature,Good,Small,Low
BIZ1271,10,Retail,WA,99889,6845,57477,49193,733,48235,36,0,0,-3.88,0.856,0.069,0.483,8284,9080.82,1.773,0.327,0,Mature,Good,Small,Medium
BIZ1272,13,Professional Services,WA,35988,10352,64743,48134,820,14144,36,1,0,2.75,0.743,0.288,0.393,16609,2570.57,9.141,0.143,0,Mature,Excellent,Small,Medium
BIZ1273,15,Manufacturing,QLD,85253,6619,122398,263985,547,43610,36,2,0,1.58,2.157,0.078,0.512,-141587,5328.31,1.897,0.65,1,Mature,Fair,Small,High
BIZ1274,5,Healthcare,NSW,36930,3572,15458,4877,617,17266,48,2,1,6.1,0.315,0.097,0.468,10581,6155.0,2.584,0.362,1,Established,Fair,Small,Low
BIZ1275,5,Education,ACT,36623,3443,60267,39097,529,13892,48,2,1,5.44,0.649,0.094,0.379,21170,6103.83,3.095,0.519,0,Established,Fair,Small,Medium
BIZ1276,10,IT,TAS,234353,15572,182810,408013,496,135600,36,2,1,-1.9,2.232,0.066,0.579,-225203,21304.82,1.435,0.747,1,Mature,Poor,Medium,High
BIZ1277,7,Professional Services,QLD,78899,10245,104369,88018,799,12259,60,0,0,6.09,0.843,0.13,0.155,16351,9862.38,10.436,0.181,0,Established,Excellent,Small,Medium
BIZ1278,8,IT,TAS,74782,15809,55511,6616,513,42540,12,2,1,-4.5,0.119,0.211,0.569,48895,8309.11,4.644,0.418,1,Established,Fair,Small,Low
BIZ1279,10,Education,NT,138381,9708,230790,104506,732,37472,12,0,0,4.34,0.453,0.07,0.271,126284,12580.09,3.237,0.19,0,Mature,Good,Small,Low
BIZ1280,14,Healthcare,SA,76159,6010,31095,8636,703,25941,36,1,0,4.61,0.278,0.079,0.341,22459,5077.27,2.895,0.135,0,Mature,Good,Small,Low
BIZ1281,3,Construction,WA,430483,15794,302365,101466,649,50584,36,1,0,7.56,0.336,0.037,0.118,200899,107620.75,3.902,0.448,1,Established,Good,Medium,Low
BIZ1282,3,IT,TAS,81543,12442,138518,88947,762,28300,36,0,0,3.18,0.642,0.153,0.347,49571,20385.75,5.493,0.188,0,Established,Excellent,Small,Medium
BIZ1283,1,Professional Services,VIC,127463,9806,24835,2517,701,49221,36,1,1,0.51,0.101,0.077,0.386,22318,63731.5,2.49,0.276,0,Startup,Good,Small,Low
BIZ1284,6,Hospitality,TAS,194786,21215,155130,30733,503,116625,24,2,1,-0.53,0.198,0.109,0.599,124397,27826.57,2.274,0.648,1,Established,Fair,Medium,Low
BIZ1285,1,Transport,SA,303027,13987,195917,151883,801,177681,24,2,0,6.88,0.775,0.046,0.586,44034,151513.5,0.984,0.218,0,Startup,Excellent,Medium,Medium
BIZ1286,4,Manufacturing,ACT,58723,2877,72503,36865,806,34148,48,1,0,7.59,0.508,0.049,0.581,35638,11744.6,1.053,0.131,0,Established,Excellent,Small,Medium
BIZ1287,5,Construction,WA,73675,1328,114618,72746,573,17800,48,3,0,1.15,0.635,0.018,0.242,41872,12279.17,0.932,0.535,1,Established,Fair,Small,Medium
BIZ1288,3,IT,NT,240918,21029,305706,170519,475,143393,36,0,0,2.57,0.558,0.087,0.595,135187,60229.5,1.833,0.355,0,Established,Poor,Medium,Medium
BIZ1289,6,Agriculture,QLD,174040,10281,164660,29941,321,52301,36,3,1,6.59,0.182,0.059,0.301,134719,24862.86,2.457,0.604,1,Established,Poor,Medium,Low
BIZ1290,1,Manufacturing,NT,209530,6285,175775,30339,598,108643,36,0,0,4.81,0.173,0.03,0.519,145436,104765.0,0.723,0.369,0,Startup,Fair,Medium,Low
BIZ1291,1,Hospitality,SA,37869,6441,25241,2665,807,6398,24,2,0,1.94,0.106,0.17,0.169,22576,18934.5,12.559,0.145,0,Startup,Excellent,Small,Low
BIZ1292,11,Education,WA,291734,31626,270920,159279,675,95749,36,0,0,0.22,0.588,0.108,0.328,111641,24311.17,4.128,0.147,0,Mature,Good,Medium,Medium
BIZ1293,3,Transport,TAS,57931,3280,113868,180213,536,33675,36,3,0,-0.02,1.583,0.057,0.581,-66345,14482.75,1.217,0.728,1,Established,Fair,Small,High
BIZ1294,1,Healthcare,ACT,112939,13181,56178,19418,758,64473,36,1,0,5.36,0.346,0.117,0.571,36760,56469.5,2.555,0.081,0,Startup,Excellent,Medium,Low
BIZ1295,5,Hospitality,NSW,88986,11856,57238,40847,623,37912,12,4,0,1.4,0.714,0.133,0.426,16391,14831.0,3.908,0.512,0,Established,Good,Small,Medium
BIZ1296,9,Hospitality,ACT,53373,3099,41762,8941,538,26088,60,3,1,1.28,0.214,0.058,0.489,32821,5337.3,1.484,0.678,1,Mature,Fair,Small,Low
BIZ1297,2,Education,NSW,36725,1109,54817,31009,800,5399,48,2,0,4.34,0.566,0.03,0.147,23808,12241.67,2.562,0.113,0,Startup,Excellent,Small,Medium
BIZ1298,6,Retail,VIC,30000,2354,28083,13528,827,13407,24,0,0,2.74,0.482,0.078,0.447,14555,4285.71,2.193,0.117,0,Established,Excellent,Small,Low
BIZ1299,1,Education,ACT,107292,7246,158482,31528,820,41836,36,2,0,3.67,0.199,0.068,0.39,126954,53646.0,2.164,0.157,0,Startup,Excellent,Small,Low
BIZ1300,1,Retail,WA,33937,4731,51674,76144,735,5000,60,3,1,1.53,1.474,0.139,0.147,-24470,16968.5,11.798,0.743,1,Startup,Good,Small,High
BIZ1301,5,Retail,NSW,44637,8607,52132,45826,809,5009,12,1,0,1.4,0.879,0.193,0.112,6306,7439.5,21.425,0.209,0,Established,Excellent,Small,Medium
BIZ1302,5,Construction,QLD,84742,24820,36642,25119,594,9291,36,1,1,0.3,0.686,0.293,0.11,11523,14123.67,33.348,0.61,0,Established,Fair,Small,Medium
BIZ1303,7,Construction,WA,30000,4424,66543,18789,658,13451,36,2,1,4.63,0.282,0.147,0.448,47754,3750.0,4.107,0.341,0,Established,Good,Small,Low
BIZ1304,8,Professional Services,QLD,170294,8496,325367,41804,835,21787,36,3,0,2.76,0.128,0.05,0.128,283563,18921.56,4.872,0.093,0,Established,Excellent,Small,Low
BIZ1305,23,IT,ACT,30000,682,25516,10703,527,9217,48,1,0,3.38,0.419,0.023,0.307,14813,1250.0,0.924,0.423,0,Mature,Fair,Small,Low
BIZ1306,5,IT,QLD,93511,18670,33415,58655,827,23035,36,0,0,-0.56,1.755,0.2,0.246,-25240,15585.17,10.126,0.295,0,Established,Excellent,Small,High
BIZ1307,3,Healthcare,NSW,99759,14916,32023,63052,713,35192,12,1,0,4.59,1.969,0.15,0.353,-31029,24939.75,5.296,0.421,0,Established,Good,Small,High
BIZ1308,10,IT,WA,143866,802,137204,99925,338,63094,12,0,0,3.44,0.728,0.006,0.439,37279,13078.73,0.159,0.534,1,Mature,Poor,Medium,Medium
BIZ1309,2,Construction,TAS,95877,17788,51522,24835,840,40900,12,1,0,4.69,0.482,0.186,0.427,26687,31959.0,5.435,0.135,0,Startup,Excellent,Small,Low
BIZ1310,4,Professional Services,SA,405361,70781,118446,267472,509,135202,36,0,0,3.54,2.258,0.175,0.334,-149026,81072.2,6.543,0.645,1,Established,Fair,Medium,High
BIZ1311,1,Professional Services,NSW,114854,11082,36453,22034,721,35074,48,1,0,3.36,0.604,0.096,0.305,14419,57427.0,3.948,0.254,0,Startup,Good,Small,Medium
BIZ1312,1,Retail,NSW,206391,5523,127457,80800,360,55477,24,2,0,-2.96,0.634,0.027,0.269,46657,103195.5,1.244,0.809,1,Startup,Poor,Medium,Medium
BIZ1313,20,Education,TAS,59490,1243,54749,26670,762,31175,36,3,0,5.91,0.487,0.021,0.524,28079,2832.86,0.498,0.108,0,Mature,Excellent,Small,Low
BIZ1314,11,Healthcare,WA,107423,25076,204425,178027,584,24918,36,1,0,-1.46,0.871,0.233,0.232,26398,8951.92,12.573,0.364,0,Mature,Fair,Small,Medium
BIZ1315,8,Retail,WA,291646,37963,319281,274758,574,56185,24,4,2,5.61,0.861,0.13,0.193,44523,32405.11,8.444,0.66,1,Established,Fair,Medium,Medium
BIZ1316,4,Education,NT,83584,852,54435,75014,428,38350,36,3,1,2.28,1.378,0.01,0.459,-20579,16716.8,0.278,0.785,1,Established,Poor,Small,High
BIZ1317,2,IT,ACT,112934,9255,116137,64197,828,27992,36,2,0,-2.32,0.553,0.082,0.248,51940,37644.67,4.131,0.1,0,Startup,Excellent,Small,Medium
BIZ1318,2,Retail,QLD,196142,4485,191173,52998,627,101179,36,1,0,2.24,0.277,0.023,0.516,138175,65380.67,0.554,0.507,0,Startup,Good,Medium,Low
BIZ1319,2,Manufacturing,ACT,58714,5090,74918,40654,639,13524,36,3,0,-2.0,0.543,0.087,0.23,34264,19571.33,4.7,0.277,0,Startup,Good,Small,Medium
BIZ1320,5,IT,TAS,30000,3296,23980,51272,694,13082,36,3,0,5.82,2.138,0.11,0.436,-27292,5000.0,3.146,0.425,0,Established,Good,Small,High
BIZ1321,8,Education,ACT,118054,505,179982,24927,716,8831,60,2,1,0.95,0.138,0.004,0.075,155055,13117.11,0.714,0.311,0,Established,Good,Small,Low
BIZ1322,7,Healthcare,TAS,197218,8879,264801,88889,401,51682,36,1,0,-0.62,0.336,0.045,0.262,175912,24652.25,2.147,0.377,0,Established,Poor,Medium,Low
BIZ1323,2,Education,WA,38329,825,32977,11561,739,9152,36,2,0,4.48,0.351,0.022,0.239,21416,12776.33,1.125,0.222,1,Startup,Good,Small,Low
BIZ1324,19,Retail,QLD,157811,20811,120284,108098,505,78775,36,2,1,2.37,0.899,0.132,0.499,12186,7890.55,3.302,0.707,1,Mature,Fair,Medium,Medium
BIZ1325,9,Retail,ACT,158558,34470,225420,82249,837,92261,12,4,0,4.06,0.365,0.217,0.582,143171,15855.8,4.67,0.12,0,Mature,Excellent,Medium,Low
BIZ1326,5,Hospitality,NSW,30000,4111,16008,11839,760,9104,36,1,0,2.16,0.74,0.137,0.303,4169,5000.0,5.637,0.239,0,Established,Excellent,Small,Medium
BIZ1327,6,Healthcare,VIC,51256,2287,16994,5472,716,25815,36,0,0,5.97,0.322,0.045,0.504,11522,7322.29,1.107,0.161,0,Established,Good,Small,Low
BIZ1328,4,Agriculture,NT,74825,17986,24723,35054,613,32536,24,6,2,1.3,1.418,0.24,0.435,-10331,14965.0,6.907,0.739,1,Established,Fair,Small,High
BIZ1329,2,IT,SA,87052,3862,44198,21041,836,50669,36,2,0,-2.23,0.476,0.044,0.582,23157,29017.33,0.953,0.11,0,Startup,Excellent,Medium,Low
BIZ1330,3,Professional Services,NSW,58677,3314,71367,28891,361,29110,12,2,1,-0.78,0.405,0.056,0.496,42476,14669.25,1.422,0.548,0,Established,Poor,Small,Low
BIZ1331,9,Healthcare,WA,56505,6663,35896,20907,500,5233,36,1,0,3.81,0.582,0.118,0.093,14989,5650.5,15.878,0.358,0,Mature,Poor,Small,Medium
BIZ1332,1,Professional Services,SA,318073,57822,294415,194638,605,140685,24,5,2,0.53,0.661,0.182,0.442,99777,159036.5,5.137,0.588,1,Startup,Fair,Medium,Medium
BIZ1333,1,Healthcare,VIC,91556,9083,55688,11920,654,31543,12,2,1,6.35,0.214,0.099,0.345,43768,45778.0,3.598,0.266,0,Startup,Good,Small,Low
BIZ1334,1,Healthcare,VIC,60686,2285,37088,6607,782,5000,48,1,0,-1.01,0.178,0.038,0.082,30481,30343.0,5.698,0.134,0,Startup,Excellent,Small,Low
BIZ1335,1,Education,QLD,95911,10719,42442,4433,543,18052,60,3,1,5.55,0.104,0.112,0.188,38009,47955.5,7.417,0.521,0,Startup,Fair,Small,Low
BIZ1336,12,Healthcare,SA,143769,10820,111393,69571,368,80074,24,0,0,1.2,0.625,0.075,0.557,41822,11059.15,1.689,0.493,1,Mature,Poor,Medium,Medium
BIZ1337,8,Hospitality,QLD,102348,2135,75435,41371,660,57246,36,1,0,6.42,0.548,0.021,0.559,34064,11372.0,0.466,0.255,0,Established,Good,Medium,Medium
BIZ1338,4,Agriculture,NSW,85475,4621,89641,75824,668,41828,24,3,0,4.02,0.846,0.054,0.489,13817,17095.0,1.381,0.297,0,Established,Good,Small,Medium
BIZ1339,1,Retail,TAS,62629,9366,60937,42496,592,36949,36,5,0,3.08,0.697,0.15,0.59,18441,31314.5,3.167,0.532,0,Startup,Fair,Small,Medium
BIZ1340,5,Transport,TAS,62100,4300,45171,32923,508,30652,36,2,0,4.49,0.729,0.069,0.494,12248,10350.0,1.753,0.525,0,Established,Fair,Small,Medium
BIZ1341,4,Professional Services,TAS,64960,2197,21544,8132,824,5000,24,1,0,6.18,0.377,0.034,0.077,13412,12992.0,5.479,0.123,0,Established,Excellent,Small,Low
BIZ1342,2,Retail,SA,125137,35271,194757,468204,843,26067,48,2,0,2.35,2.404,0.282,0.208,-273447,41712.33,16.906,0.522,0,Startup,Excellent,Small,High
BIZ1343,4,Transport,TAS,49220,3637,38293,86346,766,5000,24,2,0,-3.13,2.255,0.074,0.102,-48053,9844.0,9.07,0.425,0,Established,Excellent,Small,High
BIZ1344,4,Agriculture,NSW,129999,4366,111643,31516,764,13228,12,1,0,6.1,0.282,0.034,0.102,80127,25999.8,4.122,0.155,0,Established,Excellent,Small,Low
BIZ1345,6,Agriculture,QLD,265427,20862,567724,96976,547,45218,48,1,0,1.69,0.171,0.079,0.17,470748,37918.14,5.765,0.43,0,Established,Fair,Small,Low
BIZ1346,7,Professional Services,SA,123994,12409,175066,61903,526,40540,36,3,2,10.18,0.354,0.1,0.327,113163,15499.25,3.825,0.516,0,Established,Fair,Small,Low
BIZ1347,1,Professional Services,QLD,76213,3321,81565,20037,591,39336,36,2,1,0.69,0.246,0.044,0.516,61528,38106.5,1.055,0.413,0,Startup,Fair,Small,Low
BIZ1348,3,Agriculture,SA,39787,3446,32529,18981,594,20851,36,0,0,1.36,0.583,0.087,0.524,13548,9946.75,2.065,0.294,0,Established,Fair,Small,Medium
BIZ1349,6,Transport,QLD,297948,22897,242240,150845,768,115875,36,2,0,4.73,0.623,0.077,0.389,91395,42564.0,2.47,0.217,0,Established,Excellent,Medium,Medium
BIZ1350,5,Healthcare,VIC,43520,2690,41152,28398,797,24392,36,3,0,4.78,0.69,0.062,0.56,12754,7253.33,1.378,0.221,0,Established,Excellent,Small,Medium
BIZ1351,12,IT,QLD,178794,15846,186863,127018,731,58114,36,1,0,3.77,0.68,0.089,0.325,59845,13753.38,3.408,0.211,0,Mature,Good,Medium,Medium
BIZ1352,7,Manufacturing,TAS,154347,8561,352850,276433,543,83188,36,2,1,0.82,0.783,0.055,0.539,76417,19293.38,1.286,0.533,0,Established,Fair,Medium,Medium
BIZ1353,2,Retail,VIC,83638,7024,302009,226317,817,25069,36,1,0,-0.98,0.749,0.084,0.3,75692,27879.33,3.501,0.239,0,Startup,Excellent,Small,Medium
BIZ1354,1,Education,QLD,82118,4852,80022,23571,795,16626,36,1,0,0.47,0.295,0.059,0.202,56451,41059.0,3.645,0.116,0,Startup,Excellent,Small,Low
BIZ1355,7,Retail,SA,30000,3075,15000,2848,540,16620,48,1,0,-2.05,0.19,0.102,0.554,12152,3750.0,2.311,0.522,0,Established,Fair,Small,Low
BIZ1356,1,Education,SA,124373,6401,57526,35496,780,32755,36,3,0,8.69,0.617,0.051,0.263,22030,62186.5,2.442,0.203,0,Startup,Excellent,Small,Medium
BIZ1357,6,Transport,NT,152351,30342,369845,61453,548,49799,36,1,0,-0.57,0.166,0.199,0.327,308392,21764.43,7.614,0.376,0,Established,Fair,Small,Low
BIZ1358,17,Education,SA,46057,3312,58036,23844,418,10633,36,4,2,1.62,0.411,0.072,0.231,34192,2558.72,3.889,0.573,1,Mature,Poor,Small,Low
BIZ1359,6,Professional Services,WA,88514,1198,93577,171651,722,36694,36,1,1,4.58,1.834,0.014,0.415,-78074,12644.86,0.408,0.582,1,Established,Good,Small,High
BIZ1360,3,IT,NSW,101367,8654,75086,67125,738,60543,36,6,0,2.52,0.894,0.085,0.597,7961,25341.75,1.786,0.232,0,Established,Good,Medium,Medium
BIZ1361,7,IT,SA,148627,8093,59622,16731,322,9516,48,2,2,0.73,0.281,0.054,0.064,42891,18578.38,10.617,0.552,1,Established,Poor,Small,Low
BIZ1362,4,Professional Services,VIC,98978,16225,221754,125482,593,53934,36,1,1,2.05,0.566,0.164,0.545,96272,19795.6,3.76,0.406,0,Established,Fair,Medium,Medium
BIZ1363,5,Hospitality,NT,31620,7568,15797,7933,848,5000,48,1,0,0.67,0.502,0.239,0.158,7864,5270.0,18.873,0.099,0,Established,Excellent,Small,Medium
BIZ1364,18,Transport,SA,68121,4452,86390,38624,634,17052,48,2,0,1.74,0.447,0.065,0.25,47766,3585.32,3.261,0.351,0,Mature,Good,Small,Low
BIZ1365,3,Hospitality,WA,115524,27644,43339,12153,723,16489,60,2,0,3.67,0.28,0.239,0.143,31186,28881.0,20.941,0.218,0,Established,Good,Small,Low
BIZ1366,20,Hospitality,TAS,177916,29625,128009,215498,504,83004,36,2,0,-0.61,1.683,0.167,0.467,-87489,8472.19,4.461,0.836,1,Mature,Fair,Medium,High
BIZ1367,15,Retail,VIC,64065,4704,95170,25750,348,5000,60,4,0,5.74,0.271,0.073,0.078,69420,4004.06,11.731,0.579,1,Mature,Poor,Small,Low
BIZ1368,2,Agriculture,WA,456504,41443,321751,110192,599,161792,24,1,1,2.72,0.342,0.091,0.354,211559,152168.0,3.202,0.443,0,Startup,Fair,Medium,Low
BIZ1369,1,Retail,TAS,30000,6046,19690,15647,537,6366,12,1,0,0.75,0.795,0.202,0.212,4043,15000.0,11.848,0.624,0,Startup,Fair,Small,Medium
BIZ1370,1,Agriculture,ACT,66530,8627,54818,32136,546,8217,36,2,0,1.55,0.586,0.13,0.124,22682,33265.0,13.104,0.45,1,Startup,Fair,Small,Medium
BIZ1371,1,Manufacturing,ACT,93141,4927,34209,5529,609,44195,60,1,0,6.0,0.162,0.053,0.474,28680,46570.5,1.393,0.353,1,Startup,Fair,Small,Low
BIZ1372,1,Education,VIC,85774,14989,28141,10091,702,14545,36,3,0,4.96,0.359,0.175,0.17,18050,42887.0,12.871,0.152,0,Startup,Good,Small,Low
BIZ1373,7,Agriculture,QLD,41668,5090,52366,9062,579,7209,24,1,0,3.22,0.173,0.122,0.173,43304,5208.5,8.81,0.294,0,Established,Fair,Small,Low
BIZ1374,1,Professional Services,NSW,135063,15648,85834,200589,811,27187,36,4,0,0.7,2.337,0.116,0.201,-114755,67531.5,7.191,0.431,0,Startup,Excellent,Small,High
BIZ1375,3,Retail,NT,127997,20605,160115,37728,514,47707,36,2,1,4.2,0.236,0.161,0.373,122387,31999.25,5.397,0.641,1,Established,Fair,Small,Low
BIZ1376,12,Transport,NSW,102086,3016,163485,115044,685,42142,36,0,0,2.54,0.704,0.03,0.413,48441,7852.77,0.894,0.302,0,Mature,Good,Small,Medium
BIZ1377,1,Education,WA,124528,14720,209289,292158,414,7432,48,4,1,7.74,1.396,0.118,0.06,-82869,62264.0,24.716,0.785,1,Startup,Poor,Small,High
BIZ1378,11,Manufacturing,TAS,73376,4007,22714,5977,739,13429,60,2,0,2.39,0.263,0.055,0.183,16737,6114.67,3.726,0.196,0,Mature,Good,Small,Low
BIZ1379,2,Agriculture,NSW,31819,5720,17139,29921,303,9133,48,1,1,7.55,1.746,0.18,0.287,-12782,10606.33,7.818,0.811,1,Startup,Poor,Small,High
BIZ1380,1,Manufacturing,TAS,59775,7138,67568,134951,809,13902,24,2,0,3.08,1.997,0.119,0.233,-67383,29887.5,6.412,0.388,1,Startup,Excellent,Small,High
BIZ1381,8,Transport,TAS,110187,18113,125710,275327,767,59092,36,0,0,-0.61,2.19,0.164,0.536,-149617,12243.0,3.831,0.384,0,Established,Excellent,Medium,High
BIZ1382,6,Hospitality,WA,110627,19260,349263,123049,648,53459,36,0,0,12.39,0.352,0.174,0.483,226214,15803.86,4.502,0.375,1,Established,Good,Medium,Low
BIZ1383,13,IT,WA,101616,9693,48261,29091,391,40061,36,4,0,-1.84,0.603,0.095,0.394,19170,7258.29,3.024,0.481,0,Mature,Poor,Small,Medium
BIZ1384,8,Transport,WA,144942,18525,239184,124584,651,34195,24,1,0,-3.43,0.521,0.128,0.236,114600,16104.67,6.769,0.151,0,Established,Good,Small,Medium
BIZ1385,10,Construction,NSW,65722,3971,67275,106885,790,28613,48,1,0,-3.72,1.589,0.06,0.435,-39610,5974.73,1.734,0.462,0,Mature,Excellent,Small,High
BIZ1386,2,Transport,ACT,100576,8592,30777,10431,530,51696,36,1,0,10.72,0.339,0.085,0.514,20346,33525.33,2.077,0.422,0,Startup,Fair,Medium,Low
BIZ1387,2,Manufacturing,WA,147335,21506,86835,43707,731,55568,48,4,0,8.87,0.503,0.146,0.377,43128,49111.67,4.837,0.156,0,Startup,Good,Medium,Medium
BIZ1388,9,Professional Services,NT,93020,7302,89150,33816,832,44784,60,1,0,2.93,0.379,0.078,0.481,55334,9302.0,2.038,0.104,0,Mature,Excellent,Small,Low
BIZ1389,10,Retail,NSW,41343,6976,15000,4102,778,19100,12,6,0,3.8,0.273,0.169,0.462,10898,3758.45,4.562,0.121,0,Mature,Excellent,Small,Low
BIZ1390,25,Professional Services,WA,50360,3494,15000,8827,768,18353,60,2,0,3.25,0.588,0.069,0.364,6173,1936.92,2.378,0.106,0,Mature,Excellent,Small,Medium
BIZ1391,4,Manufacturing,SA,176591,1073,50254,44963,847,39150,48,1,0,-2.81,0.895,0.006,0.222,5291,35318.2,0.342,0.232,1,Established,Excellent,Small,Medium
BIZ1392,3,Retail,TAS,261641,59289,250248,155754,821,120402,36,1,0,6.88,0.622,0.227,0.46,94494,65410.25,6.155,0.245,0,Established,Excellent,Medium,Medium
BIZ1393,9,Construction,NT,224739,7956,137570,75796,704,36798,36,3,1,6.48,0.551,0.035,0.164,61774,22473.9,2.702,0.39,1,Mature,Good,Small,Medium
BIZ1394,3,IT,WA,116135,17805,65547,157428,738,55595,36,2,0,-1.19,2.402,0.153,0.479,-91881,29033.75,4.002,0.444,0,Established,Good,Medium,High
BIZ1395,17,Education,VIC,42523,1977,24499,10232,785,20942,36,1,0,3.48,0.418,0.046,0.492,14267,2362.39,1.179,0.084,0,Mature,Excellent,Small,Low
BIZ1396,12,Manufacturing,TAS,98277,5004,34237,26404,660,49352,36,2,1,2.28,0.771,0.051,0.502,7833,7559.77,1.267,0.351,0,Mature,Good,Small,Medium
BIZ1397,4,Agriculture,TAS,294660,20983,183456,88722,757,91375,12,1,0,1.87,0.484,0.071,0.31,94734,58932.0,2.87,0.081,0,Established,Excellent,Medium,Low
BIZ1398,9,Manufacturing,WA,152198,1452,41801,12580,491,23722,36,0,0,0.46,0.301,0.01,0.156,29221,15219.8,0.765,0.458,0,Mature,Poor,Small,Low
BIZ1399,9,Manufacturing,ACT,85371,17002,142535,112024,530,8950,24,1,0,2.16,0.786,0.199,0.105,30511,8537.1,23.713,0.453,0,Mature,Fair,Small,Medium
BIZ1400,1,Retail,QLD,153282,3593,346428,528470,547,70333,12,2,0,0.92,1.525,0.023,0.459,-182042,76641.0,0.638,0.973,1,Startup,Fair,Medium,High
BIZ1401,14,Healthcare,ACT,40595,1628,15000,11499,577,21817,36,1,0,5.69,0.767,0.04,0.537,3501,2706.33,0.932,0.39,0,Mature,Fair,Small,Medium
BIZ1402,5,Transport,WA,60659,922,37479,31794,552,24746,36,2,1,2.42,0.848,0.015,0.408,5685,10109.83,0.465,0.579,0,Established,Fair,Small,Medium
BIZ1403,11,Healthcare,TAS,46215,1152,29692,5581,667,5975,36,2,0,0.42,0.188,0.025,0.129,24111,3851.25,2.405,0.182,0,Mature,Good,Small,Low
BIZ1404,3,Construction,NT,137132,9412,101114,10467,407,77368,12,1,0,2.42,0.104,0.069,0.564,90647,34283.0,1.52,0.587,1,Established,Poor,Medium,Low
BIZ1405,14,Agriculture,VIC,162734,22733,242993,163277,734,96664,48,0,0,2.08,0.672,0.14,0.594,79716,10848.93,2.939,0.265,0,Mature,Good,Medium,Medium
BIZ1406,3,IT,NT,88638,17957,54862,13044,744,25559,36,2,0,1.95,0.238,0.203,0.288,41818,22159.5,8.778,0.147,0,Established,Good,Small,Low
BIZ1407,1,Hospitality,NT,53580,1706,41605,17251,595,20207,24,3,2,4.53,0.415,0.032,0.377,24354,26790.0,1.055,0.658,1,Startup,Fair,Small,Low
BIZ1408,15,Construction,TAS,97360,2512,476204,239178,555,46487,36,1,0,1.67,0.502,0.026,0.477,237026,6085.0,0.675,0.452,1,Mature,Fair,Small,Medium
BIZ1409,1,Hospitality,ACT,70220,2780,53777,23002,746,31951,36,5,0,0.79,0.428,0.04,0.455,30775,35110.0,1.087,0.283,0,Startup,Good,Small,Low
BIZ1410,3,Hospitality,VIC,56538,6938,133574,20340,822,32921,12,2,0,-1.58,0.152,0.123,0.582,113234,14134.5,2.633,0.135,0,Established,Excellent,Small,Low
BIZ1411,18,IT,NSW,125153,4367,138480,95288,840,14165,36,1,0,2.47,0.688,0.035,0.113,43192,6587.0,3.85,0.136,0,Mature,Excellent,Small,Medium
BIZ1412,19,Professional Services,SA,58070,6155,34104,28947,752,21450,48,1,0,6.24,0.849,0.106,0.369,5157,2903.5,3.585,0.138,0,Mature,Excellent,Small,Medium
BIZ1413,6,Healthcare,TAS,32976,4719,17519,39784,794,14198,48,2,0,2.13,2.271,0.143,0.431,-22265,4710.86,4.151,0.364,0,Established,Excellent,Small,High
BIZ1414,6,Manufacturing,WA,38527,960,31405,21692,641,20787,24,1,0,0.99,0.691,0.025,0.54,9713,5503.86,0.577,0.396,0,Established,Good,Small,Medium
BIZ1415,4,Education,NSW,32135,1163,15000,8295,781,17055,48,1,0,0.23,0.553,0.036,0.531,6705,6427.0,0.852,0.09,0,Established,Excellent,Small,Medium
BIZ1416,3,Hospitality,SA,117390,14332,57235,101047,827,69013,36,0,0,-2.67,1.765,0.122,0.588,-43812,29347.5,2.595,0.485,0,Established,Excellent,Medium,High
BIZ1417,3,Agriculture,WA,109675,20110,69664,39767,847,36372,60,2,0,6.03,0.571,0.183,0.332,29897,27418.75,6.909,0.098,0,Established,Excellent,Small,Medium
BIZ1418,7,Construction,NT,105912,17049,103401,44968,461,53688,12,2,1,3.95,0.435,0.161,0.507,58433,13239.0,3.969,0.644,1,Established,Poor,Medium,Low
BIZ1419,9,Professional Services,QLD,148956,1151,364763,46222,776,42453,36,0,0,4.81,0.127,0.008,0.285,318541,14895.6,0.339,0.143,0,Mature,Excellent,Small,Low
BIZ1420,10,Hospitality,WA,227378,82727,139162,124865,722,64182,36,1,0,3.25,0.897,0.364,0.282,14297,20670.73,16.109,0.297,0,Mature,Good,Medium,Medium
BIZ1421,10,Professional Services,VIC,65212,7963,70425,63236,845,12347,24,3,0,0.08,0.898,0.122,0.189,7189,5928.36,8.054,0.173,0,Mature,Excellent,Small,Medium
BIZ1422,1,Professional Services,VIC,131207,6413,40448,22081,411,65607,48,1,0,1.55,0.546,0.049,0.5,18367,65603.5,1.222,0.459,0,Startup,Poor,Medium,Medium
BIZ1423,5,Hospitality,QLD,32671,4011,50534,39941,516,19347,36,2,0,1.0,0.79,0.123,0.592,10593,5445.17,2.59,0.581,1,Established,Fair,Small,Medium
BIZ1424,1,Retail,NSW,259133,15146,75515,39320,598,49491,12,1,0,1.25,0.521,0.058,0.191,36195,129566.5,3.824,0.448,1,Startup,Fair,Small,Medium
BIZ1425,5,Transport,SA,41300,6285,54592,99668,606,5000,36,0,0,1.27,1.826,0.152,0.121,-45076,6883.33,15.673,0.613,1,Established,Fair,Small,High
BIZ1426,4,Agriculture,WA,60050,3398,46834,25390,494,29937,36,3,0,5.81,0.542,0.057,0.499,21444,12010.0,1.418,0.45,0,Established,Poor,Small,Medium
BIZ1427,14,Manufacturing,VIC,64964,702,49473,17698,837,25409,24,1,0,8.57,0.358,0.011,0.391,31775,4330.93,0.345,0.146,0,Mature,Excellent,Small,Low
BIZ1428,3,Manufacturing,NSW,33914,3827,23188,45685,397,19596,60,5,2,-0.12,1.97,0.113,0.578,-22497,8478.5,2.44,0.828,1,Established,Poor,Small,High
BIZ1429,1,Agriculture,QLD,100992,12729,37874,5574,572,19060,48,5,2,1.99,0.147,0.126,0.189,32300,50496.0,8.343,0.512,0,Startup,Fair,Small,Low
BIZ1430,1,Retail,ACT,114660,14450,44389,25065,585,10212,24,0,0,3.15,0.565,0.126,0.089,19324,57330.0,17.666,0.368,0,Startup,Fair,Small,Medium
BIZ1431,9,Manufacturing,TAS,86457,2847,116928,140697,696,27739,36,3,0,-0.44,1.203,0.033,0.321,-23769,8645.7,1.282,0.359,0,Mature,Good,Small,High
BIZ1432,6,Professional Services,ACT,33584,5025,27693,19557,581,5000,36,3,2,2.66,0.706,0.15,0.149,8136,4797.71,12.531,0.492,1,Established,Fair,Small,Medium
BIZ1433,1,IT,ACT,395683,55445,269368,196068,585,76756,48,3,1,3.55,0.728,0.14,0.194,73300,197841.5,9.028,0.475,1,Startup,Fair,Medium,Medium
BIZ1434,1,Construction,VIC,144996,8331,154894,91176,628,17296,60,0,0,2.27,0.589,0.057,0.119,63718,72498.0,6.017,0.46,0,Startup,Good,Small,Medium
BIZ1435,8,Healthcare,NT,624031,50126,542933,98097,687,108127,36,0,0,4.38,0.181,0.08,0.173,444836,69336.78,5.794,0.122,0,Established,Good,Medium,Low
BIZ1436,1,Manufacturing,NT,56186,11831,28585,7772,404,6089,48,1,0,2.5,0.272,0.211,0.108,20813,28093.0,24.238,0.413,0,Startup,Poor,Small,Low
BIZ1437,11,Agriculture,QLD,193013,17798,691840,601106,508,110914,36,1,0,-6.1,0.869,0.092,0.575,90734,16084.42,2.006,0.47,0,Mature,Fair,Medium,Medium
BIZ1438,8,IT,WA,170329,31433,217497,165882,604,34612,36,2,0,-0.38,0.763,0.185,0.203,51615,18925.44,11.348,0.363,0,Established,Fair,Small,Medium
BIZ1439,1,Hospitality,NT,80547,8615,71170,48007,817,23692,60,6,0,6.8,0.675,0.107,0.294,23163,40273.5,4.543,0.204,0,Startup,Excellent,Small,Medium
BIZ1440,1,Transport,ACT,265066,51886,159463,24147,568,144258,36,0,0,4.06,0.151,0.196,0.544,135316,132533.0,4.496,0.32,0,Startup,Fair,Medium,Low
BIZ1441,25,Agriculture,NT,74325,7006,107781,89152,686,31404,36,1,0,-6.05,0.827,0.094,0.423,18629,2858.65,2.788,0.238,0,Mature,Good,Small,Medium
BIZ1442,3,Professional Services,ACT,76678,12790,39137,24115,532,29898,36,0,0,-2.03,0.616,0.167,0.39,15022,19169.5,5.345,0.477,1,Established,Fair,Small,Medium
BIZ1443,3,Transport,SA,30000,2901,15000,9538,696,13141,24,0,0,4.67,0.636,0.097,0.438,5462,7500.0,2.757,0.287,1,Established,Good,Small,Medium
BIZ1444,11,Construction,VIC,131441,15348,297244,259904,438,66489,36,3,1,0.77,0.874,0.117,0.506,37340,10953.42,2.885,0.748,1,Mature,Poor,Medium,Medium
BIZ1445,18,Construction,VIC,39032,4331,32550,18419,426,20793,60,1,1,-5.61,0.566,0.111,0.533,14131,2054.32,2.602,0.673,1,Mature,Poor,Small,Medium
BIZ1446,25,Retail,WA,67137,990,34768,17970,691,27086,36,3,0,5.68,0.517,0.015,0.403,16798,2582.19,0.457,0.291,0,Mature,Good,Small,Medium
BIZ1447,9,Education,NT,48129,7811,39539,26950,587,25965,48,2,1,4.67,0.682,0.162,0.539,12589,4812.9,3.759,0.48,0,Mature,Fair,Small,Medium
BIZ1448,3,Retail,NT,76392,6013,104166,148498,403,26314,24,2,0,0.01,1.426,0.079,0.344,-44332,19098.0,2.855,0.942,1,Established,Poor,Small,High
BIZ1449,1,IT,TAS,134687,7298,160085,39277,694,27275,36,1,0,6.24,0.245,0.054,0.203,120808,67343.5,3.343,0.179,0,Startup,Good,Small,Low
BIZ1450,10,Transport,NSW,99488,3391,146144,254696,797,53130,60,1,0,0.13,1.743,0.034,0.534,-108552,9044.36,0.798,0.395,0,Mature,Excellent,Medium,High
BIZ1451,5,Education,SA,162226,1287,62756,18994,596,56423,36,2,1,0.63,0.303,0.008,0.348,43762,27037.67,0.285,0.449,0,Established,Fair,Medium,Low
BIZ1452,4,Hospitality,VIC,239411,59155,346426,168558,637,131287,24,1,0,1.04,0.487,0.247,0.548,177868,47882.2,5.632,0.387,1,Established,Good,Medium,Low
BIZ1453,15,Professional Services,SA,76255,8796,56072,134264,755,5497,36,1,0,-3.19,2.394,0.115,0.072,-78192,4765.94,19.956,0.351,0,Mature,Excellent,Small,High
BIZ1454,1,Transport,VIC,70615,4546,60989,27809,792,18969,36,3,0,3.74,0.456,0.064,0.269,33180,35307.5,2.994,0.159,0,Startup,Excellent,Small,Low
BIZ1455,5,Retail,SA,192993,12837,326474,175424,624,110255,24,2,0,4.06,0.537,0.067,0.571,151050,32165.5,1.455,0.431,1,Established,Good,Medium,Medium
BIZ1456,1,Healthcare,QLD,204011,30269,254629,395168,731,38212,48,2,0,1.12,1.552,0.148,0.187,-140539,102005.5,9.898,0.445,1,Startup,Good,Small,High
BIZ1457,4,Education,ACT,165779,18130,167550,387074,344,94136,60,1,0,4.62,2.31,0.109,0.568,-219524,33155.8,2.407,0.657,1,Established,Poor,Medium,High
BIZ1458,1,Education,VIC,50689,3392,15000,29146,730,29128,36,2,0,-2.27,1.943,0.067,0.575,-14146,25344.5,1.455,0.448,0,Startup,Good,Small,High
BIZ1459,1,Professional Services,SA,132701,3818,105720,47304,538,71018,48,3,1,4.56,0.447,0.029,0.535,58416,66350.5,0.672,0.549,1,Startup,Fair,Medium,Low
BIZ1460,1,Manufacturing,NT,106577,9004,54492,41864,543,38369,48,1,0,3.48,0.768,0.084,0.36,12628,53288.5,2.932,0.432,0,Startup,Fair,Small,Medium
BIZ1461,7,Construction,NSW,206234,56890,258692,39198,702,83693,48,2,0,0.43,0.152,0.276,0.406,219494,25779.25,8.496,0.184,0,Established,Good,Medium,Low
BIZ1462,9,Construction,QLD,66104,5678,98082,51513,457,34922,12,3,0,3.74,0.525,0.086,0.528,46569,6610.4,2.032,0.47,0,Mature,Poor,Small,Medium
BIZ1463,6,Healthcare,QLD,30741,3521,20996,50938,724,14655,24,1,0,-0.14,2.426,0.115,0.477,-29942,4391.57,3.001,0.392,0,Established,Good,Small,High
BIZ1464,20,IT,NSW,160037,9823,87810,40009,706,63462,12,3,1,5.82,0.456,0.061,0.397,47801,7620.81,1.934,0.291,0,Mature,Good,Medium,Low
BIZ1465,3,IT,SA,30000,3957,62488,39098,662,17707,12,1,0,4.08,0.626,0.132,0.59,23390,7500.0,2.791,0.238,0,Established,Good,Small,Medium
BIZ1466,3,Hospitality,NT,59156,4106,33726,29996,379,25266,36,6,3,3.59,0.889,0.069,0.427,3730,14789.0,2.03,0.97,1,Established,Poor,Small,Medium
BIZ1467,13,Transport,WA,48231,2131,19284,11863,467,28288,36,3,1,1.11,0.615,0.044,0.586,7421,3445.07,0.941,0.646,1,Mature,Poor,Small,Medium
BIZ1468,2,Agriculture,NSW,48004,9762,23847,41350,622,5000,24,1,0,4.83,1.734,0.203,0.104,-17503,16001.33,24.344,0.6,1,Startup,Good,Small,High
BIZ1469,20,Manufacturing,SA,58435,1252,34292,12013,811,7387,12,1,0,6.11,0.35,0.021,0.126,22279,2782.62,2.115,0.147,0,Mature,Excellent,Small,Low
BIZ1470,1,Retail,NSW,231459,59170,113022,90763,339,69044,36,1,1,7.32,0.803,0.256,0.298,22259,115729.5,10.71,0.82,1,Startup,Poor,Medium,Medium
BIZ1471,22,Agriculture,NSW,175323,18624,238379,389625,527,45879,24,2,0,0.86,1.634,0.106,0.262,-151246,7622.74,5.073,0.672,1,Mature,Fair,Small,High
BIZ1472,1,Agriculture,VIC,82767,13311,18124,9931,849,39769,48,1,0,4.96,0.548,0.161,0.48,8193,41383.5,4.183,0.104,0,Startup,Excellent,Small,Medium
BIZ1473,14,Education,SA,218280,25729,105239,40358,400,30196,12,2,1,6.69,0.383,0.118,0.138,64881,14552.0,10.646,0.511,0,Mature,Poor,Small,Low
BIZ1474,5,Healthcare,WA,46929,984,37342,24000,820,27540,48,3,1,1.77,0.643,0.021,0.587,13342,7821.5,0.446,0.31,1,Established,Excellent,Small,Medium
BIZ1475,25,Construction,ACT,42667,3887,39629,16867,727,9526,60,5,0,6.72,0.426,0.091,0.223,22762,1641.04,5.094,0.204,1,Mature,Good,Small,Low
BIZ1476,1,Hospitality,VIC,180686,4675,408242,139799,657,51659,48,2,0,2.98,0.342,0.026,0.286,268443,90343.0,1.131,0.314,0,Startup,Good,Medium,Low
BIZ1477,5,IT,NSW,148115,14510,306473,500936,510,29787,48,0,0,-0.56,1.635,0.098,0.201,-194463,24685.83,6.087,0.614,0,Established,Fair,Small,High
BIZ1478,21,Healthcare,ACT,71525,6011,22412,11338,618,26367,60,0,0,0.37,0.506,0.084,0.369,11074,3251.14,2.848,0.275,0,Mature,Fair,Small,Medium
BIZ1479,5,Education,TAS,44586,1078,15000,28141,570,5000,24,1,0,-1.83,1.876,0.024,0.112,-13141,7431.0,2.688,0.567,0,Established,Fair,Small,High
BIZ1480,6,Retail,ACT,274254,75302,227929,392245,765,36290,60,1,0,2.38,1.721,0.275,0.132,-164316,39179.14,25.929,0.445,1,Established,Excellent,Small,High
BIZ1481,8,Hospitality,NSW,30000,5897,16400,13377,669,13805,48,2,0,2.02,0.816,0.197,0.46,3023,3333.33,5.335,0.3,0,Established,Good,Small,Medium
BIZ1482,4,Education,NSW,64932,3895,26000,12683,702,9907,48,0,0,3.07,0.488,0.06,0.153,13317,12986.4,4.908,0.172,0,Established,Good,Small,Low
BIZ1483,6,Construction,NT,115844,7422,95766,50996,758,20797,36,1,0,6.59,0.533,0.064,0.18,44770,16549.14,4.458,0.178,0,Established,Excellent,Small,Medium
BIZ1484,6,Construction,SA,348542,22368,327725,131549,611,169440,36,2,2,2.45,0.401,0.064,0.486,196176,49791.71,1.65,0.606,1,Established,Fair,Medium,Low
BIZ1485,14,Construction,SA,129077,9879,63881,125233,647,13077,36,1,1,1.7,1.96,0.077,0.101,-61352,8605.13,9.434,0.915,1,Mature,Good,Small,High
BIZ1486,1,Healthcare,VIC,138166,5332,77789,19248,706,40152,36,2,0,1.9,0.247,0.039,0.291,58541,69083.0,1.659,0.186,0,Startup,Good,Small,Low
BIZ1487,2,Healthcare,WA,66265,5574,34344,4338,754,5000,48,2,0,-3.06,0.126,0.084,0.075,30006,22088.33,13.9,0.113,0,Startup,Excellent,Small,Low
BIZ1488,19,IT,VIC,146963,10084,93999,61965,504,35380,12,2,0,4.55,0.659,0.069,0.241,32034,7348.15,3.561,0.432,0,Mature,Fair,Small,Medium
BIZ1489,14,IT,QLD,106267,13966,120400,40224,622,46166,36,4,0,2.05,0.334,0.131,0.434,80176,7084.47,3.78,0.223,0,Mature,Good,Small,Low
BIZ1490,4,Retail,NSW,32470,7836,15000,3185,777,5000,36,3,0,2.74,0.212,0.241,0.154,11815,6494.0,19.541,0.117,0,Established,Excellent,Small,Low
BIZ1491,6,Hospitality,ACT,171966,45506,95859,79586,687,92618,24,0,0,1.9,0.83,0.265,0.539,16273,24566.57,6.141,0.309,1,Established,Good,Medium,Medium
BIZ1492,2,Professional Services,TAS,194711,18419,125454,27806,421,107134,24,3,1,2.88,0.222,0.095,0.55,97648,64903.67,2.149,0.528,0,Startup,Poor,Medium,Low
BIZ1493,2,Professional Services,NSW,173226,35090,141252,39535,631,18664,24,0,0,-1.44,0.28,0.203,0.108,101717,57742.0,23.485,0.301,0,Startup,Good,Small,Low
BIZ1494,4,Education,NSW,101045,30223,97627,30997,501,60111,36,5,0,2.5,0.318,0.299,0.595,66630,20209.0,6.284,0.357,0,Established,Fair,Medium,Low
BIZ1495,3,Construction,VIC,50547,2870,140929,106255,649,10798,36,3,0,0.69,0.754,0.057,0.214,34674,12636.75,3.319,0.517,0,Established,Good,Small,Medium
BIZ1496,6,Hospitality,TAS,30000,673,34621,29168,791,5000,12,1,0,2.6,0.842,0.022,0.167,5453,4285.71,1.678,0.274,0,Established,Excellent,Small,Medium
BIZ1497,1,Agriculture,TAS,110187,5283,128990,89808,685,5816,60,3,0,-0.54,0.696,0.048,0.053,39182,55093.5,11.33,0.284,0,Startup,Good,Small,Medium
BIZ1498,22,Healthcare,TAS,210524,2405,146882,86171,725,57828,48,0,0,3.94,0.587,0.011,0.275,60711,9153.22,0.52,0.195,0,Mature,Good,Medium,Medium
BIZ1499,25,Transport,VIC,198168,47422,90124,22974,716,78552,48,3,0,2.56,0.255,0.239,0.396,67150,7621.85,7.545,0.145,0,Mature,Good,Medium,Low
BIZ1500,8,Manufacturing,NSW,174774,27759,104226,191268,393,40669,24,3,3,-1.39,1.835,0.159,0.233,-87042,19419.33,8.529,0.819,1,Established,Poor,Small,High
BIZ1501,5,Retail,VIC,93718,18481,50103,15304,590,47814,36,0,0,5.34,0.305,0.197,0.51,34799,15619.67,4.83,0.381,0,Established,Fair,Small,Low
BIZ1502,3,Construction,SA,211340,30545,218941,119199,803,93863,36,0,0,0.96,0.544,0.145,0.444,99742,52835.0,4.067,0.167,0,Established,Excellent,Medium,Medium
BIZ1503,11,Construction,SA,188511,3256,57304,94060,746,45730,60,1,0,1.42,1.641,0.017,0.243,-36756,15709.25,0.89,0.624,1,Mature,Good,Small,High
BIZ1504,7,Construction,VIC,73435,5861,85791,137617,315,33329,48,1,0,4.89,1.604,0.08,0.454,-51826,9179.38,2.197,0.929,1,Established,Poor,Small,High
BIZ1505,2,Healthcare,TAS,158517,37312,120967,51736,561,89921,36,1,0,5.72,0.428,0.235,0.567,69231,52839.0,5.186,0.254,0,Startup,Fair,Medium,Low
BIZ1506,15,Healthcare,NT,67834,8520,86234,11379,649,6864,48,0,0,1.1,0.132,0.126,0.101,74855,4239.62,15.488,0.261,0,Mature,Good,Small,Low
BIZ1507,11,Manufacturing,NSW,144064,16650,76394,58813,785,31457,24,2,0,2.83,0.77,0.116,0.218,17581,12005.33,6.614,0.16,0,Mature,Excellent,Small,Medium
BIZ1508,18,Agriculture,VIC,39760,1095,18954,2592,819,12120,12,3,0,4.55,0.137,0.028,0.305,16362,2092.63,1.128,0.154,0,Mature,Excellent,Small,Low
BIZ1509,8,Hospitality,VIC,41959,714,26915,38154,602,13590,36,2,0,6.29,1.418,0.017,0.324,-11239,4662.11,0.656,0.763,1,Established,Fair,Small,High
BIZ1510,6,Construction,VIC,207056,21060,130921,91603,812,72098,12,1,0,2.77,0.7,0.102,0.348,39318,29579.43,3.651,0.206,0,Established,Excellent,Medium,Medium
BIZ1511,4,Professional Services,NT,190287,35168,252735,160432,711,40977,24,3,0,3.92,0.635,0.185,0.215,92303,38057.4,10.725,0.224,0,Established,Good,Small,Medium
BIZ1512,17,IT,NT,153818,34195,203131,32735,706,64140,48,1,0,-0.24,0.161,0.222,0.417,170396,8545.44,6.663,0.129,0,Mature,Good,Medium,Low
BIZ1513,13,Professional Services,QLD,104985,10594,269570,142012,628,42497,24,5,0,-2.04,0.527,0.101,0.405,127558,7498.93,3.115,0.248,0,Mature,Good,Small,Medium
BIZ1514,1,Education,SA,30000,8023,18245,15659,332,11034,36,2,2,4.16,0.858,0.267,0.368,2586,15000.0,9.079,0.6,1,Startup,Poor,Small,Medium
BIZ1515,1,Professional Services,ACT,93675,2755,15000,35302,801,10544,60,2,0,0.08,2.353,0.029,0.113,-20302,46837.5,3.262,0.417,0,Startup,Excellent,Small,High
BIZ1516,3,Education,TAS,135662,27294,86878,19544,384,42371,36,4,1,-0.27,0.225,0.201,0.312,67334,33915.5,8.05,0.513,0,Established,Poor,Small,Low
BIZ1517,10,Transport,WA,67892,1543,63835,19517,539,16696,24,1,1,4.42,0.306,0.023,0.246,44318,6172.0,1.154,0.601,1,Mature,Fair,Small,Low
BIZ1518,25,IT,NT,59949,1545,75355,25281,788,19187,24,0,0,2.06,0.335,0.026,0.32,50074,2305.73,1.006,0.129,0,Mature,Excellent,Small,Low
BIZ1519,1,Professional Services,ACT,271330,33146,266533,110863,678,151138,24,2,0,3.18,0.416,0.122,0.557,155670,135665.0,2.741,0.194,0,Startup,Good,Medium,Low
BIZ1520,6,Transport,NT,94636,5818,57527,38369,752,29743,12,1,0,-1.35,0.667,0.061,0.314,19158,13519.43,2.444,0.208,0,Established,Excellent,Small,Medium
BIZ1521,3,Retail,TAS,135721,6942,310784,721959,708,7829,12,2,0,-0.23,2.323,0.051,0.058,-411175,33930.25,11.066,0.63,0,Established,Good,Small,High
BIZ1522,22,Hospitality,WA,169717,18473,74730,19781,515,49448,36,4,3,7.39,0.265,0.109,0.291,54949,7379.0,4.669,0.715,1,Mature,Fair,Small,Low
BIZ1523,12,Transport,QLD,48971,7023,34002,66193,789,24551,36,2,0,0.53,1.947,0.143,0.501,-32191,3767.0,3.574,0.398,0,Mature,Excellent,Small,High
BIZ1524,11,Hospitality,VIC,113011,15262,48401,12865,401,54136,48,1,0,1.89,0.266,0.135,0.479,35536,9417.58,3.523,0.53,0,Mature,Poor,Medium,Low
BIZ1525,4,Professional Services,QLD,248637,6176,205971,89981,807,82638,48,3,0,3.21,0.437,0.025,0.332,115990,49727.4,0.934,0.125,0,Established,Excellent,Medium,Low
BIZ1526,4,Agriculture,NT,352729,53182,749273,143860,529,66091,48,1,1,-0.71,0.192,0.151,0.187,605413,70545.8,10.057,0.495,0,Established,Fair,Medium,Low
BIZ1527,2,Transport,QLD,101514,24245,76373,7812,766,31042,36,3,0,6.56,0.102,0.239,0.306,68561,33838.0,9.759,0.089,0,Startup,Excellent,Small,Low
BIZ1528,1,IT,ACT,83569,17717,63104,155105,408,30087,24,4,1,2.52,2.458,0.212,0.36,-92001,41784.5,7.358,0.78,0,Startup,Poor,Small,High
BIZ1529,13,Professional Services,NSW,119171,6255,35268,6382,742,71494,48,4,0,1.79,0.181,0.052,0.6,28886,8512.21,1.093,0.156,0,Mature,Good,Medium,Low
BIZ1530,11,Construction,NT,117072,12084,80688,70024,842,47331,36,1,0,5.7,0.868,0.103,0.404,10664,9756.0,3.191,0.18,0,Mature,Excellent,Small,Medium
BIZ1531,25,Healthcare,NT,260597,47801,425501,368472,625,112537,12,4,0,5.24,0.866,0.183,0.432,57029,10022.96,5.309,0.366,0,Mature,Good,Medium,Medium
BIZ1532,25,Transport,ACT,49144,2442,34626,64050,683,15740,48,0,0,8.4,1.85,0.05,0.32,-29424,1890.15,1.938,0.515,1,Mature,Good,Small,High
BIZ1533,5,IT,SA,81152,16689,54907,7827,787,19879,36,0,0,1.19,0.143,0.206,0.245,47080,13525.33,10.488,0.121,0,Established,Excellent,Small,Low
BIZ1534,9,Retail,WA,45161,2580,71784,21396,663,22450,24,0,0,9.08,0.298,0.057,0.497,50388,4516.1,1.436,0.202,0,Mature,Good,Small,Low
BIZ1535,18,Construction,VIC,48607,1514,32971,11331,776,15661,48,1,0,4.44,0.344,0.031,0.322,21640,2558.26,1.207,0.143,0,Mature,Excellent,Small,Low
BIZ1536,12,Retail,ACT,128489,2583,228394,191142,726,76718,60,4,0,7.57,0.837,0.02,0.597,37252,9883.77,0.421,0.373,1,Mature,Good,Medium,Medium
BIZ1537,2,Professional Services,WA,174015,24108,65914,25490,606,52450,36,1,1,5.46,0.387,0.139,0.301,40424,58005.0,5.744,0.385,0,Startup,Fair,Medium,Low
BIZ1538,4,Healthcare,TAS,62656,1478,77043,113831,481,5476,36,2,0,0.57,1.477,0.024,0.087,-36788,12531.2,3.366,0.695,1,Established,Poor,Small,High
BIZ1539,1,Transport,WA,169475,14508,372599,200970,528,72097,36,1,0,-0.0,0.539,0.086,0.425,171629,84737.5,2.515,0.405,1,Startup,Fair,Medium,Medium
BIZ1540,19,Transport,TAS,214938,74095,322164,287295,407,16260,48,4,1,-2.91,0.892,0.345,0.076,34869,10746.9,56.917,0.63,1,Mature,Poor,Small,Medium
BIZ1541,6,Agriculture,ACT,382427,17309,102122,63153,675,71810,12,1,0,-3.53,0.618,0.045,0.188,38969,54632.43,3.012,0.275,0,Established,Good,Medium,Medium
BIZ1542,2,Agriculture,NT,103654,26591,57862,10756,605,25349,36,2,0,0.66,0.186,0.257,0.245,47106,34551.33,13.106,0.316,0,Startup,Fair,Small,Low
BIZ1543,7,Professional Services,NT,63080,9175,44666,22406,487,28809,60,2,1,6.3,0.502,0.145,0.457,22260,7885.0,3.979,0.415,1,Established,Poor,Small,Medium
BIZ1544,6,Professional Services,SA,48936,4518,73441,137723,391,15749,24,2,2,1.01,1.875,0.092,0.322,-64282,6990.86,3.583,0.838,1,Established,Poor,Small,High
BIZ1545,3,Healthcare,ACT,45649,2525,16810,33982,789,5000,60,2,0,0.47,2.021,0.055,0.11,-17172,11412.25,6.297,0.419,0,Established,Excellent,Small,High
BIZ1546,1,Agriculture,TAS,236770,23870,105185,235709,723,92166,60,2,0,4.6,2.241,0.101,0.389,-130524,118385.0,3.237,0.521,0,Startup,Good,Medium,High
BIZ1547,7,IT,WA,34181,256,15000,26815,504,9443,24,1,0,-0.08,1.788,0.007,0.276,-11815,4272.62,0.338,0.651,1,Established,Fair,Small,High
BIZ1548,5,IT,WA,231520,7217,115490,28711,801,128958,48,2,0,8.02,0.249,0.031,0.557,86779,38586.67,0.699,0.113,0,Established,Excellent,Medium,Low
BIZ1549,9,Healthcare,TAS,53749,2454,20766,3811,412,17455,24,3,2,1.71,0.184,0.046,0.325,16955,5374.9,1.756,0.58,1,Mature,Poor,Small,Low
BIZ1550,5,IT,QLD,61105,11444,130495,53510,762,26882,48,0,0,5.29,0.41,0.187,0.44,76985,10184.17,5.319,0.085,0,Established,Excellent,Small,Low
BIZ1551,12,Education,SA,88779,13801,49290,13467,641,15125,48,4,1,1.9,0.273,0.155,0.17,35823,6829.15,11.396,0.359,0,Mature,Good,Small,Low
BIZ1552,5,Hospitality,NSW,60321,10331,74756,13218,503,28262,24,4,1,2.57,0.177,0.171,0.469,61538,10053.5,4.567,0.669,0,Established,Fair,Small,Low
BIZ1553,5,Healthcare,NT,189545,2955,156868,128143,652,84636,48,4,0,5.88,0.817,0.016,0.447,28725,31590.83,0.436,0.268,0,Established,Good,Medium,Medium
BIZ1554,13,Healthcare,VIC,351280,18063,288288,192123,796,192236,48,1,0,3.19,0.666,0.051,0.547,96165,25091.43,1.174,0.169,0,Mature,Excellent,Medium,Medium
BIZ1555,4,Manufacturing,WA,62305,12374,35772,50826,733,5000,36,5,0,6.98,1.421,0.199,0.08,-15054,12461.0,30.858,0.4,1,Established,Good,Small,High
BIZ1556,1,Construction,VIC,72942,6818,94791,65760,837,21599,24,2,0,0.15,0.694,0.093,0.296,29031,36471.0,3.944,0.255,0,Startup,Excellent,Small,Medium
BIZ1557,1,Construction,NSW,88051,21212,79084,123957,552,37292,12,4,0,-1.4,1.567,0.241,0.424,-44873,44025.5,7.108,0.76,1,Startup,Fair,Small,High
BIZ1558,9,Education,ACT,144168,2628,125089,45616,532,14754,36,2,0,-2.75,0.365,0.018,0.102,79473,14416.8,2.225,0.418,0,Mature,Fair,Small,Low
BIZ1559,6,Agriculture,VIC,88659,3466,50843,11410,324,24455,60,1,0,6.26,0.224,0.039,0.276,39433,12665.57,1.771,0.496,1,Established,Poor,Small,Low
BIZ1560,8,Professional Services,NSW,260688,45512,164919,139160,517,148117,48,2,0,5.2,0.844,0.175,0.568,25759,28965.33,3.841,0.415,0,Established,Fair,Medium,Medium
BIZ1561,2,Professional Services,NT,220276,12158,256782,60548,531,63828,36,3,0,1.7,0.236,0.055,0.29,196234,73425.33,2.381,0.389,0,Startup,Fair,Medium,Low
BIZ1562,1,Retail,TAS,43052,3840,40465,15055,780,25485,36,3,0,3.4,0.372,0.089,0.592,25410,21526.0,1.883,0.146,0,Startup,Excellent,Small,Low
BIZ1563,1,Education,QLD,142155,16084,125336,15448,309,11551,24,1,1,5.71,0.123,0.113,0.081,109888,71077.5,17.387,0.548,1,Startup,Poor,Small,Low
BIZ1564,3,Healthcare,NT,286140,46115,149016,70282,742,127276,24,4,0,1.93,0.472,0.161,0.445,78734,71535.0,4.529,0.162,0,Established,Good,Medium,Low
BIZ1565,6,Education,WA,69818,3081,183526,132076,630,25801,36,1,0,-2.78,0.72,0.044,0.37,51450,9974.0,1.492,0.387,0,Established,Good,Small,Medium
BIZ1566,3,Education,NSW,80339,4066,49325,38904,776,26134,36,3,0,-2.74,0.789,0.051,0.325,10421,20084.75,1.944,0.2,0,Established,Excellent,Small,Medium
BIZ1567,4,Education,VIC,68211,14852,54841,49211,826,39832,36,6,0,-0.78,0.897,0.218,0.584,5630,13642.2,4.659,0.193,0,Established,Excellent,Small,Medium
BIZ1568,15,Construction,WA,69220,16772,50656,27993,803,8396,60,0,0,2.81,0.553,0.242,0.121,22663,4326.25,24.933,0.092,0,Mature,Excellent,Small,Medium
BIZ1569,3,Education,QLD,30702,3209,81219,15380,756,16665,36,3,0,-0.32,0.189,0.105,0.543,65839,7675.5,2.405,0.105,0,Established,Excellent,Small,Low
BIZ1570,5,Hospitality,TAS,38955,5879,26787,3544,786,16757,36,3,0,5.6,0.132,0.151,0.43,23243,6492.5,4.382,0.094,0,Established,Excellent,Small,Low
BIZ1571,10,Professional Services,ACT,104217,8858,67834,30523,838,20056,24,2,0,-1.32,0.45,0.085,0.192,37311,9474.27,5.517,0.045,0,Mature,Excellent,Small,Low
BIZ1572,4,Retail,WA,284793,14141,250322,111017,681,155473,60,0,0,0.42,0.443,0.05,0.546,139305,56958.6,1.137,0.248,0,Established,Good,Medium,Low
BIZ1573,6,Hospitality,ACT,64257,9404,34700,26767,477,18384,48,4,1,-2.96,0.771,0.146,0.286,7933,9179.57,6.39,0.769,1,Established,Poor,Small,Medium
BIZ1574,12,Retail,NSW,62948,4107,55106,48581,646,31337,48,5,0,1.16,0.882,0.065,0.498,6525,4842.15,1.638,0.524,1,Mature,Good,Small,Medium
BIZ1575,18,Manufacturing,QLD,324832,32409,1103530,777328,735,85710,36,0,0,2.52,0.704,0.1,0.264,326202,17096.42,4.726,0.171,0,Mature,Good,Medium,Medium
BIZ1576,1,Retail,VIC,45443,2340,44535,19648,507,23540,36,2,0,5.73,0.441,0.051,0.518,24887,22721.5,1.242,0.592,0,Startup,Fair,Small,Low
BIZ1577,16,Professional Services,QLD,30857,3987,29586,26246,566,12347,36,3,0,2.86,0.887,0.129,0.4,3340,1815.12,4.032,0.304,0,Mature,Fair,Small,Medium
BIZ1578,5,Professional Services,QLD,55272,2454,29415,24675,719,7051,24,0,0,4.72,0.839,0.044,0.128,4740,9212.0,4.343,0.269,0,Established,Good,Small,Medium
BIZ1579,2,Education,SA,62072,18269,141715,88416,793,25282,36,0,0,5.52,0.624,0.294,0.407,53299,20690.67,9.028,0.178,0,Startup,Excellent,Small,Medium
BIZ1580,4,Transport,QLD,30000,2778,78619,45480,320,5000,60,0,0,3.68,0.578,0.093,0.167,33139,6000.0,6.928,0.448,0,Established,Poor,Small,Medium
BIZ1581,24,Manufacturing,QLD,90252,12119,123249,88646,803,24959,24,1,0,-0.19,0.719,0.134,0.277,34603,3610.08,6.066,0.157,0,Mature,Excellent,Small,Medium
BIZ1582,5,Healthcare,NT,191743,24168,232399,158311,709,27546,12,2,0,3.71,0.681,0.126,0.144,74088,31957.17,10.962,0.217,0,Established,Good,Small,Medium
BIZ1583,3,IT,WA,40128,926,28537,24287,834,5000,48,2,1,6.96,0.851,0.023,0.125,4250,10032.0,2.309,0.33,0,Established,Excellent,Small,Medium
BIZ1584,7,Retail,VIC,104956,11533,108673,35945,790,17479,24,2,0,1.56,0.331,0.11,0.167,72728,13119.5,8.242,0.08,0,Established,Excellent,Small,Low
BIZ1585,2,Transport,NT,130242,11662,64605,38963,792,44934,36,2,0,4.16,0.603,0.09,0.345,25642,43414.0,3.243,0.188,0,Startup,Excellent,Small,Medium
BIZ1586,1,Education,NT,93118,12641,38791,6898,681,29318,36,1,0,4.09,0.178,0.136,0.315,31893,46559.0,5.387,0.191,0,Startup,Good,Small,Low
BIZ1587,1,Construction,WA,112418,7745,37705,9663,606,36628,36,2,1,1.39,0.256,0.069,0.326,28042,56209.0,2.642,0.568,1,Startup,Fair,Small,Low
BIZ1588,1,Healthcare,WA,113337,12713,118720,285412,724,21106,48,2,0,5.31,2.404,0.112,0.186,-166692,56668.5,7.525,0.459,0,Startup,Good,Small,High
BIZ1589,1,Agriculture,NSW,55887,634,20011,45215,756,23854,36,2,0,1.35,2.259,0.011,0.427,-25204,27943.5,0.332,0.457,0,Startup,Excellent,Small,High
BIZ1590,1,Transport,WA,281815,53574,170966,62803,823,123250,48,0,0,3.86,0.367,0.19,0.437,108163,140907.5,5.433,0.094,0,Startup,Excellent,Medium,Low
BIZ1591,7,Construction,SA,236435,42368,186594,105099,803,58371,48,2,0,1.78,0.563,0.179,0.247,81495,29554.38,9.071,0.102,0,Established,Excellent,Medium,Medium
BIZ1592,2,Manufacturing,SA,227052,40993,337765,94321,602,121391,48,2,0,2.63,0.279,0.181,0.535,243444,75684.0,4.221,0.288,1,Startup,Fair,Medium,Low
BIZ1593,3,Education,NT,200701,30803,116150,78867,651,81125,12,3,0,5.3,0.679,0.153,0.404,37283,50175.25,4.745,0.226,0,Established,Good,Medium,Medium
BIZ1594,14,Healthcare,ACT,32778,931,52337,65196,600,14493,24,1,0,-3.34,1.246,0.028,0.442,-12859,2185.2,0.802,0.473,0,Mature,Fair,Small,High
BIZ1595,4,Healthcare,NSW,188762,30310,271505,385246,439,38231,12,3,1,4.35,1.419,0.161,0.203,-113741,37752.4,9.907,0.755,1,Established,Poor,Small,High
BIZ1596,7,Healthcare,ACT,156204,18028,67247,41021,519,7862,36,2,1,4.62,0.61,0.115,0.05,26226,19525.5,28.618,0.556,1,Established,Fair,Small,Medium
BIZ1597,2,Manufacturing,ACT,33672,5115,54074,20388,351,17710,48,2,0,0.78,0.377,0.152,0.526,33686,11224.0,3.608,0.399,0,Startup,Poor,Small,Low
BIZ1598,2,Retail,NT,84928,619,58653,29414,764,42662,36,3,0,2.41,0.501,0.007,0.502,29239,28309.33,0.181,0.234,0,Startup,Excellent,Small,Medium
BIZ1599,1,Agriculture,TAS,119821,4381,72720,32831,607,14109,48,0,0,-0.43,0.451,0.037,0.118,39889,59910.5,3.878,0.368,1,Startup,Fair,Small,Low
BIZ1600,2,Manufacturing,NT,316482,16398,219127,525280,577,80942,36,1,0,0.1,2.397,0.052,0.256,-306153,105494.0,2.532,0.629,1,Startup,Fair,Medium,High
BIZ1601,2,IT,VIC,163948,28987,133947,220630,823,67831,36,1,0,3.31,1.647,0.177,0.414,-86683,54649.33,5.341,0.333,0,Startup,Excellent,Medium,High
BIZ1602,2,Agriculture,VIC,53895,14417,34398,25306,539,22024,48,1,0,10.38,0.736,0.267,0.409,9092,17965.0,8.178,0.546,1,Startup,Fair,Small,Medium
BIZ1603,1,Professional Services,WA,323440,34737,160003,18418,458,169221,36,2,1,4.49,0.115,0.107,0.523,141585,161720.0,2.566,0.497,0,Startup,Poor,Medium,Low
BIZ1604,1,Education,WA,101787,6214,53097,6223,538,12941,48,2,0,-0.04,0.117,0.061,0.127,46874,50893.5,5.996,0.41,1,Startup,Fair,Small,Low
BIZ1605,4,Manufacturing,TAS,82529,3044,73443,32904,433,23641,24,6,3,4.83,0.448,0.037,0.286,40539,16505.8,1.609,0.58,1,Established,Poor,Small,Low
BIZ1606,2,Construction,WA,78512,3604,58379,71926,470,8123,60,1,1,4.24,1.232,0.046,0.103,-13547,26170.67,5.537,0.95,1,Startup,Poor,Small,High
BIZ1607,3,Agriculture,VIC,31682,1367,35592,19225,487,8372,36,3,1,-2.68,0.54,0.043,0.264,16367,7920.5,2.038,0.562,1,Established,Poor,Small,Medium
BIZ1608,5,IT,ACT,91414,7392,77232,26711,681,5330,48,2,1,1.55,0.346,0.081,0.058,50521,15235.67,17.295,0.24,0,Established,Good,Small,Low
BIZ1609,8,Professional Services,NT,139837,7270,119903,105994,615,76078,12,2,1,2.07,0.884,0.052,0.544,13909,15537.44,1.194,0.478,1,Established,Fair,Medium,Medium
BIZ1610,1,Retail,QLD,75375,5618,88072,118312,568,25618,36,1,0,2.85,1.343,0.075,0.34,-30240,37687.5,2.74,0.786,1,Startup,Fair,Small,High
BIZ1611,10,Construction,SA,132497,7014,254146,113899,822,68552,60,1,0,2.41,0.448,0.053,0.517,140247,12045.18,1.279,0.129,0,Mature,Excellent,Medium,Low
BIZ1612,6,Agriculture,QLD,53902,606,105909,256543,661,5000,48,1,0,2.94,2.422,0.011,0.093,-150634,7700.29,1.511,0.543,0,Established,Good,Small,High
BIZ1613,1,Education,QLD,89442,1642,163667,343828,826,15661,12,3,0,-0.31,2.101,0.018,0.175,-180161,44721.0,1.31,0.419,0,Startup,Excellent,Small,High
BIZ1614,13,Construction,VIC,123201,8322,170049,395857,705,23735,36,0,0,1.52,2.328,0.068,0.193,-225808,8800.07,4.38,0.621,1,Mature,Good,Small,High
BIZ1615,16,Professional Services,QLD,112731,18279,322547,65435,589,29612,36,3,0,1.7,0.203,0.162,0.263,257112,6631.24,7.713,0.261,0,Mature,Fair,Small,Low
BIZ1616,1,Construction,NT,32085,595,34160,11123,832,15772,24,3,0,5.98,0.326,0.019,0.492,23037,16042.5,0.471,0.2,0,Startup,Excellent,Small,Low
BIZ1617,2,Hospitality,TAS,72598,7326,72259,22632,399,19064,48,2,1,0.41,0.313,0.101,0.263,49627,24199.33,4.8,0.701,1,Startup,Poor,Small,Low
BIZ1618,10,Transport,NSW,319407,17430,1005076,155947,449,51922,24,3,0,1.77,0.155,0.055,0.163,849129,29037.0,4.195,0.467,1,Mature,Poor,Medium,Low
BIZ1619,9,Retail,WA,69932,521,15000,5047,735,5996,36,2,0,1.43,0.336,0.007,0.086,9953,6993.2,1.084,0.297,0,Mature,Good,Small,Low
BIZ1620,2,Professional Services,NSW,99814,15956,71878,58183,678,9354,36,0,0,7.26,0.809,0.16,0.094,13695,33271.33,21.294,0.249,0,Startup,Good,Small,Medium
BIZ1621,2,Construction,ACT,92899,9685,161258,114730,837,43479,36,2,0,4.5,0.711,0.104,0.468,46528,30966.33,2.784,0.22,0,Startup,Excellent,Small,Medium
BIZ1622,3,Transport,NT,295897,38764,436229,914294,777,87183,48,2,0,-0.3,2.096,0.131,0.295,-478065,73974.25,5.557,0.471,0,Established,Excellent,Medium,High
BIZ1623,4,Transport,NT,243593,4917,929725,331536,556,109470,60,0,0,3.69,0.357,0.02,0.449,598189,48718.6,0.561,0.407,0,Established,Fair,Medium,Low
BIZ1624,6,Construction,SA,173732,17350,151715,128642,669,73880,24,1,0,-0.53,0.848,0.1,0.425,23073,24818.86,2.935,0.339,0,Established,Good,Medium,Medium
BIZ1625,3,Education,NT,49947,1501,31578,21459,741,6215,48,1,0,3.28,0.68,0.03,0.124,10119,12486.75,3.013,0.247,0,Established,Good,Small,Medium
BIZ1626,4,Hospitality,WA,126934,24752,85150,75928,767,16322,24,0,0,6.6,0.892,0.195,0.129,9222,25386.8,18.942,0.173,0,Established,Excellent,Small,Medium
BIZ1627,9,Manufacturing,NT,146907,1362,145567,281701,816,68376,36,3,0,-3.37,1.935,0.009,0.465,-136134,14690.7,0.249,0.411,0,Mature,Excellent,Medium,High
BIZ1628,1,Hospitality,QLD,60534,6391,131130,82828,849,27040,12,1,0,-0.52,0.632,0.106,0.447,48302,30267.0,2.953,0.254,0,Startup,Excellent,Small,Medium
BIZ1629,2,Construction,SA,53671,2354,117138,253163,546,13842,24,2,0,2.97,2.161,0.044,0.258,-136025,17890.33,2.124,0.938,1,Startup,Fair,Small,High
BIZ1630,8,Retail,WA,325627,46026,257789,51936,824,30147,36,3,0,1.31,0.201,0.141,0.093,205853,36180.78,19.076,0.084,0,Established,Excellent,Small,Low
BIZ1631,14,Manufacturing,TAS,79972,4603,76209,44526,524,5000,36,3,0,3.14,0.584,0.058,0.063,31683,5331.47,11.479,0.343,0,Mature,Fair,Small,Medium
BIZ1632,5,Professional Services,TAS,305737,31277,173428,81447,565,63741,48,1,0,2.25,0.47,0.102,0.208,91981,50956.17,6.132,0.257,0,Established,Fair,Medium,Low
BIZ1633,5,Hospitality,TAS,198385,22415,119806,44108,802,10925,48,1,0,-2.54,0.368,0.113,0.055,75698,33064.17,25.617,0.104,0,Established,Excellent,Small,Low
BIZ1634,1,Construction,TAS,131335,12460,201442,95182,441,23185,60,1,0,4.37,0.473,0.095,0.177,106260,65667.5,6.714,0.575,1,Startup,Poor,Small,Low
BIZ1635,4,Hospitality,QLD,135506,9038,290133,75188,782,38039,36,2,0,-1.5,0.259,0.067,0.281,214945,27101.2,2.969,0.14,1,Established,Excellent,Small,Low
BIZ1636,5,Manufacturing,NT,37038,5314,19956,9602,437,5000,24,0,0,3.12,0.481,0.143,0.135,10354,6173.0,13.252,0.377,0,Established,Poor,Small,Low
BIZ1637,2,IT,NSW,114089,15000,108067,41185,797,12247,36,0,0,1.14,0.381,0.131,0.107,66882,38029.67,15.294,0.126,0,Startup,Excellent,Small,Low
BIZ1638,2,Agriculture,WA,266176,23385,188351,21999,583,144544,36,0,0,9.7,0.117,0.088,0.543,166352,88725.33,2.022,0.342,0,Startup,Fair,Medium,Low
BIZ1639,3,Hospitality,QLD,159044,14797,218656,533363,513,59165,36,2,0,2.14,2.439,0.093,0.372,-314707,39761.0,3.126,0.919,1,Established,Fair,Medium,High
BIZ1640,1,Professional Services,TAS,109978,4177,71319,20952,552,62022,36,1,0,3.55,0.294,0.038,0.564,50367,54989.0,0.842,0.33,0,Startup,Fair,Medium,Low
BIZ1641,3,Professional Services,ACT,327209,33744,84329,56989,722,78597,36,2,0,4.16,0.676,0.103,0.24,27340,81802.25,5.366,0.211,0,Established,Good,Medium,Medium
BIZ1642,2,Healthcare,NT,86722,5319,129660,42345,560,36633,36,1,0,3.51,0.327,0.061,0.422,87315,28907.33,1.814,0.33,0,Startup,Fair,Small,Low
BIZ1643,3,Hospitality,NSW,63979,3516,43661,54664,730,10401,24,3,0,2.42,1.252,0.055,0.163,-11003,15994.75,4.22,0.527,0,Established,Good,Small,High
BIZ1644,1,Agriculture,ACT,109939,7938,79858,116681,430,42885,12,3,0,-0.47,1.461,0.072,0.39,-36823,54969.5,2.313,0.821,1,Startup,Poor,Small,High
BIZ1645,14,Education,SA,168809,6914,179490,121901,397,20471,24,1,1,2.16,0.679,0.041,0.121,57589,11253.93,4.219,0.6,0,Mature,Poor,Small,Medium
BIZ1646,6,Transport,ACT,30000,6092,30353,18931,373,5000,24,3,1,-3.1,0.624,0.203,0.167,11422,4285.71,15.192,0.653,1,Established,Poor,Small,Medium
BIZ1647,7,Agriculture,SA,120500,2423,129712,27131,687,67762,48,2,0,3.96,0.209,0.02,0.562,102581,15062.5,0.447,0.239,0,Established,Good,Medium,Low
BIZ1648,10,Transport,SA,174074,27526,53604,89416,812,61829,24,1,0,11.26,1.668,0.158,0.355,-35812,15824.91,5.564,0.364,1,Mature,Excellent,Medium,High
BIZ1649,5,Transport,TAS,81736,2081,93436,163204,820,45757,48,1,0,3.03,1.747,0.025,0.56,-69768,13622.67,0.568,0.401,0,Established,Excellent,Small,High
BIZ1650,1,IT,SA,214244,50892,55794,74123,550,50048,36,0,0,3.52,1.328,0.238,0.234,-18329,107122.0,12.708,0.548,1,Startup,Fair,Medium,High
BIZ1651,5,Healthcare,VIC,154636,3425,200901,170914,682,35609,12,4,0,-2.16,0.851,0.022,0.23,29987,25772.67,1.202,0.273,0,Established,Good,Small,Medium
BIZ1652,6,Agriculture,WA,441957,17800,707856,338408,845,119487,48,3,0,0.05,0.478,0.04,0.27,369448,63136.71,1.862,0.168,0,Established,Excellent,Medium,Low
BIZ1653,9,Agriculture,WA,58371,14072,21024,39914,545,25585,36,1,1,5.18,1.898,0.241,0.438,-18890,5837.1,6.872,0.819,1,Mature,Fair,Small,High
BIZ1654,4,IT,TAS,176574,56548,176055,35536,638,63777,24,3,0,-1.84,0.202,0.32,0.361,140519,35314.8,11.081,0.274,0,Established,Good,Medium,Low
BIZ1655,1,Hospitality,VIC,48429,5285,74769,54049,747,27069,48,1,0,0.32,0.723,0.109,0.559,20720,24214.5,2.439,0.349,1,Startup,Good,Small,Medium
BIZ1656,3,Hospitality,ACT,31864,4758,19926,8172,382,5000,12,2,1,4.2,0.41,0.149,0.157,11754,7966.0,11.865,0.697,1,Established,Poor,Small,Low
BIZ1657,3,Hospitality,QLD,30000,3801,36795,64612,406,13185,24,0,0,4.93,1.756,0.127,0.439,-27817,7500.0,3.6,0.916,1,Established,Poor,Small,High
BIZ1658,7,Retail,ACT,143893,6264,22149,8377,607,33337,48,2,1,2.17,0.378,0.044,0.232,13772,17986.62,2.348,0.567,0,Established,Fair,Small,Low
BIZ1659,6,Transport,NT,112304,10653,177705,83472,647,16747,48,3,0,2.87,0.47,0.095,0.149,94233,16043.43,7.945,0.331,0,Established,Good,Small,Low
BIZ1660,3,Retail,QLD,70591,7681,58844,40091,428,23345,24,0,0,2.86,0.681,0.109,0.331,18753,17647.75,4.111,0.69,1,Established,Poor,Small,Medium
BIZ1661,25,Healthcare,SA,30000,199,21041,16634,543,9833,12,4,1,-1.2,0.791,0.007,0.328,4407,1153.85,0.253,0.606,0,Mature,Fair,Small,Medium
BIZ1662,6,IT,NSW,60884,8182,89962,48418,576,7632,48,0,0,2.28,0.538,0.134,0.125,41544,8697.71,13.379,0.254,0,Established,Fair,Small,Medium
BIZ1663,2,Agriculture,QLD,98999,3052,228762,26561,328,15943,36,5,4,3.23,0.116,0.031,0.161,202201,32999.67,2.391,0.683,1,Startup,Poor,Small,Low
BIZ1664,1,Transport,NSW,171994,5194,188460,47975,518,47210,24,3,0,2.23,0.255,0.03,0.274,140485,85997.0,1.375,0.508,0,Startup,Fair,Small,Low
BIZ1665,1,Retail,WA,97579,4432,209744,172699,753,26819,36,3,0,-3.28,0.823,0.045,0.275,37045,48789.5,2.065,0.292,1,Startup,Excellent,Small,Medium
BIZ1666,2,Retail,NSW,117764,20527,37966,71141,399,26456,60,5,1,7.11,1.874,0.174,0.225,-33175,39254.67,9.694,1.0,1,Startup,Poor,Small,High
BIZ1667,2,Construction,WA,75864,5330,92620,222837,694,9991,12,0,0,-0.78,2.406,0.07,0.132,-130217,25288.0,6.66,0.631,0,Startup,Good,Small,High
BIZ1668,2,Retail,VIC,335862,50531,254041,160535,563,17601,48,2,0,2.72,0.632,0.15,0.052,93506,111954.0,35.861,0.548,0,Startup,Fair,Small,Medium
BIZ1669,3,Education,VIC,48398,7013,24693,61695,646,28246,36,0,0,3.47,2.498,0.145,0.584,-37002,12099.5,3.102,0.536,0,Established,Good,Small,High
BIZ1670,2,Agriculture,TAS,60508,13208,15573,12501,624,34424,36,0,0,1.14,0.803,0.218,0.569,3072,20169.33,4.794,0.405,1,Startup,Good,Small,Medium
BIZ1671,14,Education,TAS,69936,3885,82653,66106,600,22100,48,2,0,3.23,0.8,0.056,0.316,16547,4662.4,2.196,0.374,1,Mature,Fair,Small,Medium
BIZ1672,1,Agriculture,SA,144335,12406,199798,140647,816,86208,60,3,0,0.17,0.704,0.086,0.597,59151,72167.5,1.799,0.224,0,Startup,Excellent,Medium,Medium
BIZ1673,5,IT,QLD,47705,2171,87378,72028,681,20060,24,2,0,8.94,0.824,0.046,0.42,15350,7950.83,1.352,0.266,0,Established,Good,Small,Medium
BIZ1674,4,Agriculture,SA,108553,1981,180031,121490,792,9538,24,1,0,1.72,0.675,0.018,0.088,58541,21710.6,2.593,0.206,0,Established,Excellent,Small,Medium
BIZ1675,25,Education,WA,110795,24504,57091,31374,713,12713,60,4,1,5.2,0.55,0.221,0.115,25717,4261.35,24.07,0.226,0,Mature,Good,Small,Medium
BIZ1676,1,Agriculture,SA,60715,6500,107836,41738,794,33627,36,2,0,-0.78,0.387,0.107,0.554,66098,30357.5,2.415,0.095,0,Startup,Excellent,Small,Low
BIZ1677,4,IT,NSW,124366,4939,235341,94605,758,49314,36,3,0,4.66,0.402,0.04,0.397,140736,24873.2,1.252,0.08,0,Established,Excellent,Small,Low
BIZ1678,21,IT,WA,48753,1859,34150,4630,839,25046,36,2,0,0.35,0.136,0.038,0.514,29520,2216.05,0.927,0.097,0,Mature,Excellent,Small,Low
BIZ1679,13,Healthcare,TAS,45163,3653,37612,27512,736,24570,48,3,0,-1.68,0.731,0.081,0.544,10100,3225.93,1.858,0.17,0,Mature,Good,Small,Medium
BIZ1680,11,Agriculture,VIC,105844,23468,49475,21038,624,31368,48,1,0,-0.7,0.425,0.222,0.296,28437,8820.33,9.348,0.319,0,Mature,Good,Small,Low
BIZ1681,2,Construction,TAS,30889,6967,61493,6970,808,5000,60,2,0,-0.04,0.113,0.226,0.162,54523,10296.33,17.374,0.144,0,Startup,Excellent,Small,Low
BIZ1682,2,Hospitality,QLD,30000,7385,15000,10070,825,5000,36,5,0,2.83,0.671,0.246,0.167,4930,10000.0,18.416,0.267,0,Startup,Excellent,Small,Medium
BIZ1683,7,Professional Services,WA,143341,26732,161775,102332,770,12415,24,3,0,11.13,0.633,0.186,0.087,59443,17917.62,26.888,0.131,0,Established,Excellent,Small,Medium
BIZ1684,16,IT,WA,205721,20735,117733,104887,524,31641,36,2,1,10.71,0.891,0.101,0.154,12846,12101.24,8.188,0.503,1,Mature,Fair,Small,Medium
BIZ1685,5,Manufacturing,NSW,71199,15650,29987,25350,814,19636,36,0,0,1.53,0.845,0.22,0.276,4637,11866.5,9.956,0.174,0,Established,Excellent,Small,Medium
BIZ1686,6,Hospitality,QLD,61842,8014,16440,34142,507,7112,36,0,0,5.38,2.077,0.13,0.115,-17702,8834.57,14.061,0.901,1,Established,Fair,Small,High
BIZ1687,2,Transport,VIC,199560,41057,143576,247647,666,28278,36,1,0,-1.26,1.725,0.206,0.142,-104071,66520.0,18.141,0.49,1,Startup,Good,Small,High
BIZ1688,9,Agriculture,ACT,44272,8347,16972,39393,568,13069,24,1,0,-3.81,2.321,0.189,0.295,-22421,4427.2,7.976,0.633,1,Mature,Fair,Small,High
BIZ1689,2,Education,WA,38011,1602,32192,18015,615,9012,36,4,1,2.59,0.56,0.042,0.237,14177,12670.33,2.219,0.419,0,Startup,Fair,Small,Medium
BIZ1690,3,Professional Services,WA,161999,31331,383443,45330,836,49768,36,1,0,4.14,0.118,0.193,0.307,338113,40499.75,7.867,0.083,0,Established,Excellent,Small,Low
BIZ1691,4,Manufacturing,NSW,99342,30703,91677,223299,486,28416,48,3,1,4.85,2.436,0.309,0.286,-131622,19868.4,13.5,0.742,1,Established,Poor,Small,High
BIZ1692,5,Hospitality,SA,208025,9659,564548,176389,650,84138,36,4,2,5.74,0.312,0.046,0.404,388159,34670.83,1.435,0.45,1,Established,Good,Medium,Low
BIZ1693,2,Agriculture,NT,30000,1168,15000,3949,638,16963,24,0,0,1.51,0.263,0.039,0.565,11051,10000.0,0.86,0.364,0,Startup,Good,Small,Low
BIZ1694,1,Healthcare,VIC,37031,5027,15000,10787,368,5000,36,2,0,2.72,0.719,0.136,0.135,4213,18515.5,12.536,0.485,0,Startup,Poor,Small,Medium
BIZ1695,6,Transport,TAS,99711,1719,44082,6723,593,10429,48,5,2,4.96,0.153,0.017,0.105,37359,14244.43,2.058,0.557,0,Established,Fair,Small,Low
BIZ1696,3,Professional Services,QLD,132239,24343,104120,252786,739,68637,36,3,0,6.08,2.428,0.184,0.519,-148666,33059.75,4.432,0.457,1,Established,Good,Medium,High
BIZ1697,6,Construction,WA,178598,8483,749125,548633,566,58672,36,1,1,-0.22,0.732,0.047,0.329,200492,25514.0,1.807,0.658,1,Established,Fair,Medium,Medium
BIZ1698,2,Healthcare,WA,111566,20518,33694,25278,796,52605,36,2,0,3.13,0.75,0.184,0.472,8416,37188.67,4.874,0.157,0,Startup,Excellent,Medium,Medium
BIZ1699,4,Manufacturing,TAS,110775,14132,131538,68490,818,18663,24,1,0,4.45,0.521,0.128,0.168,63048,22155.0,9.459,0.075,0,Established,Excellent,Small,Medium
BIZ1700,5,Professional Services,VIC,75163,6076,40434,23630,618,38023,48,1,0,2.94,0.584,0.081,0.506,16804,12527.17,1.997,0.246,0,Established,Fair,Small,Medium
BIZ1701,1,Healthcare,NT,300629,61390,215205,83365,590,167785,12,0,0,0.63,0.387,0.204,0.558,131840,150314.5,4.573,0.308,0,Startup,Fair,Medium,Low
BIZ1702,3,Transport,SA,45610,4095,17554,10805,721,18221,36,2,0,2.51,0.615,0.09,0.399,6749,11402.5,2.807,0.275,0,Established,Good,Small,Medium
BIZ1703,1,Construction,WA,126920,27497,176097,132244,723,13736,24,3,0,4.09,0.751,0.217,0.108,43853,63460.0,25.0,0.346,0,Startup,Good,Small,Medium
BIZ1704,1,Healthcare,NT,49440,5007,39425,28641,604,26816,12,2,0,0.22,0.726,0.101,0.542,10784,24720.0,2.333,0.377,0,Startup,Fair,Small,Medium
BIZ1705,25,Retail,VIC,143536,11052,225666,168089,419,69739,36,0,0,-1.09,0.745,0.077,0.486,57577,5520.62,1.981,0.653,1,Mature,Poor,Medium,Medium
BIZ1706,3,Construction,TAS,47766,2601,43443,15581,744,22114,36,1,0,8.68,0.359,0.054,0.463,27862,11941.5,1.469,0.298,1,Established,Good,Small,Low
BIZ1707,10,Manufacturing,NSW,166154,13200,42688,20538,847,11664,48,1,0,3.06,0.481,0.079,0.07,22150,15104.91,14.131,0.087,0,Mature,Excellent,Small,Low
BIZ1708,2,Transport,SA,106774,10922,168787,70522,571,52258,48,2,0,5.32,0.418,0.102,0.489,98265,35591.33,2.612,0.32,0,Startup,Fair,Medium,Low
BIZ1709,7,Agriculture,QLD,334786,66968,81915,9502,745,42140,48,2,0,3.13,0.116,0.2,0.126,72413,41848.25,19.859,0.187,0,Established,Good,Small,Low
BIZ1710,9,Education,WA,81087,3910,21619,28930,785,13972,36,3,0,5.65,1.338,0.048,0.172,-7311,8108.7,3.495,0.35,0,Mature,Excellent,Small,High
BIZ1711,6,Education,VIC,132916,5418,62764,149300,731,48836,36,4,0,2.74,2.379,0.041,0.367,-86536,18988.0,1.386,0.487,0,Established,Good,Small,High
BIZ1712,4,Education,NSW,57196,2539,27225,6147,741,11195,36,2,0,4.26,0.226,0.044,0.196,21078,11439.2,2.832,0.158,0,Established,Good,Small,Low
BIZ1713,4,Professional Services,QLD,80698,11336,152677,87160,717,33388,36,0,0,-0.83,0.571,0.14,0.414,65517,16139.6,4.242,0.129,0,Established,Good,Small,Medium
BIZ1714,3,Manufacturing,ACT,106300,9629,78537,66694,845,40865,36,0,0,-2.8,0.849,0.091,0.384,11843,26575.0,2.944,0.144,0,Established,Excellent,Small,Medium
BIZ1715,16,Transport,VIC,33892,3555,58651,23022,663,5000,60,3,0,1.07,0.393,0.105,0.148,35629,1993.65,8.865,0.161,0,Mature,Good,Small,Low
BIZ1716,11,Construction,VIC,36594,9083,21309,10563,751,15033,24,2,0,-1.78,0.496,0.248,0.411,10746,3049.5,7.546,0.089,0,Mature,Excellent,Small,Low
BIZ1717,21,Professional Services,QLD,150226,6785,148818,218207,728,83852,60,1,0,-3.85,1.466,0.045,0.558,-69389,6828.45,1.011,0.394,0,Mature,Good,Medium,High
BIZ1718,1,Manufacturing,NSW,89120,10626,96970,58646,730,12352,12,5,0,3.41,0.605,0.119,0.139,38324,44560.0,10.742,0.246,0,Startup,Good,Small,Medium
BIZ1719,8,Agriculture,ACT,65182,10591,81030,118395,565,24663,36,1,0,-2.81,1.461,0.162,0.378,-37365,7242.44,5.365,0.554,0,Established,Fair,Small,High
BIZ1720,17,Retail,NT,58930,7505,36503,8938,502,14026,24,2,0,5.35,0.245,0.127,0.238,27565,3273.89,6.683,0.517,1,Mature,Fair,Small,Low
BIZ1721,2,Transport,NT,60539,1368,39510,24524,787,18330,36,1,0,6.82,0.621,0.023,0.303,14986,20179.67,0.932,0.248,0,Startup,Excellent,Small,Medium
BIZ1722,1,Education,TAS,106807,19929,73123,10356,539,22199,24,3,1,-1.83,0.142,0.187,0.208,62767,53403.5,11.215,0.471,1,Startup,Fair,Small,Low
BIZ1723,9,Healthcare,NSW,134796,18343,40948,17023,714,32994,48,3,0,3.37,0.416,0.136,0.245,23925,13479.6,6.947,0.09,0,Mature,Good,Small,Low
BIZ1724,6,Transport,SA,30000,1149,23356,14453,595,5000,48,3,1,8.07,0.619,0.038,0.167,8903,4285.71,2.865,0.513,1,Established,Fair,Small,Medium
BIZ1725,12,IT,WA,265397,49782,172606,37441,791,156545,36,3,0,1.08,0.217,0.188,0.59,135165,20415.15,3.975,0.056,0,Mature,Excellent,Medium,Low
BIZ1726,1,Manufacturing,QLD,252506,4997,292796,106083,329,99396,36,1,0,4.33,0.362,0.02,0.394,186713,126253.0,0.628,0.471,0,Startup,Poor,Medium,Low
BIZ1727,10,Hospitality,TAS,30000,458,25944,9252,800,9761,60,3,0,9.68,0.357,0.015,0.325,16692,2727.27,0.586,0.193,0,Mature,Excellent,Small,Low
BIZ1728,2,Agriculture,ACT,211112,21501,385375,70829,701,55109,48,5,0,-2.53,0.184,0.102,0.261,314546,70370.67,4.876,0.157,0,Startup,Good,Medium,Low
BIZ1729,2,Retail,QLD,206623,13706,176434,107096,540,71627,36,1,1,-0.56,0.607,0.066,0.347,69338,68874.33,2.391,0.818,1,Startup,Fair,Medium,Medium
BIZ1730,2,Agriculture,QLD,98746,7668,57698,47775,737,25580,48,1,0,4.19,0.828,0.078,0.259,9923,32915.33,3.745,0.32,1,Startup,Good,Small,Medium
BIZ1731,11,Transport,NSW,39814,7131,33745,11061,599,9871,36,3,0,9.02,0.328,0.179,0.248,22684,3317.83,9.019,0.313,0,Mature,Fair,Small,Low
BIZ1732,7,Hospitality,WA,200919,28230,254017,114470,606,61314,36,6,1,0.37,0.451,0.141,0.305,139547,25114.88,5.754,0.539,0,Established,Fair,Medium,Low
BIZ1733,5,IT,SA,83377,8640,23557,11102,612,16824,36,3,0,9.81,0.471,0.104,0.202,12455,13896.17,6.415,0.247,0,Established,Fair,Small,Low
BIZ1734,3,Construction,NT,144960,973,77270,63425,478,21603,36,5,2,2.9,0.821,0.007,0.149,13845,36240.0,0.563,0.959,1,Established,Poor,Small,Medium
BIZ1735,13,Healthcare,VIC,466699,85453,251936,101157,822,166207,12,0,0,-3.4,0.402,0.183,0.356,150779,33335.64,6.426,0.103,0,Mature,Excellent,Medium,Low
BIZ1736,3,Hospitality,VIC,117746,13166,123362,99182,419,60465,36,2,1,7.27,0.804,0.112,0.514,24180,29436.5,2.721,0.844,1,Established,Poor,Medium,Medium
BIZ1737,11,Manufacturing,QLD,51957,6512,58369,23256,648,6965,36,3,0,1.11,0.398,0.125,0.134,35113,4329.75,11.666,0.298,0,Mature,Good,Small,Low
BIZ1738,4,Education,NT,78040,102,67894,12351,581,5307,60,1,0,3.85,0.182,0.001,0.068,55543,15608.0,0.24,0.355,0,Established,Fair,Small,Low
BIZ1739,3,IT,NT,56805,14255,15000,19295,642,10551,60,3,0,-2.48,1.286,0.251,0.186,-4295,14201.25,16.868,0.438,0,Established,Good,Small,High
BIZ1740,4,Healthcare,WA,133711,9615,40630,36143,545,78735,36,3,0,0.24,0.89,0.072,0.589,4487,26742.2,1.526,0.412,0,Established,Fair,Medium,Medium
BIZ1741,3,Retail,ACT,56148,734,39830,4272,682,28400,36,2,0,-1.99,0.107,0.013,0.506,35558,14037.0,0.323,0.287,0,Established,Good,Small,Low
BIZ1742,9,Education,ACT,70898,18236,42963,52803,694,26780,24,1,0,-2.31,1.229,0.257,0.378,-9840,7089.8,8.508,0.292,0,Mature,Good,Small,High
BIZ1743,5,Transport,TAS,40170,1855,32994,20051,639,22538,36,1,0,2.79,0.608,0.046,0.561,12943,6695.0,1.028,0.424,1,Established,Good,Small,Medium
BIZ1744,2,Hospitality,NSW,89997,20120,55597,107541,393,26540,12,4,4,4.2,1.934,0.224,0.295,-51944,29999.0,9.472,1.0,1,Startup,Poor,Small,High
BIZ1745,14,Healthcare,WA,111717,15101,229282,176112,673,66002,24,4,0,0.86,0.768,0.135,0.591,53170,7447.8,2.859,0.219,0,Mature,Good,Medium,Medium
BIZ1746,3,Professional Services,WA,30000,3011,15000,10281,552,6388,36,3,2,-1.81,0.685,0.1,0.213,4719,7500.0,5.88,0.514,1,Established,Fair,Small,Medium
BIZ1747,5,Construction,NSW,118385,6657,116223,240434,353,21565,36,2,0,-1.33,2.069,0.056,0.182,-124211,19730.83,3.856,0.97,1,Established,Poor,Small,High
BIZ1748,15,Construction,NT,95607,16980,128644,27691,648,38331,12,6,0,3.61,0.215,0.178,0.401,100953,5975.44,5.535,0.38,0,Mature,Good,Small,Low
BIZ1749,6,IT,ACT,57786,3314,72072,43940,700,14907,48,1,0,2.83,0.61,0.057,0.258,28132,8255.14,2.777,0.243,0,Established,Good,Small,Medium
BIZ1750,1,Retail,ACT,408415,12066,536275,292496,651,161120,36,4,0,3.66,0.545,0.03,0.394,243779,204207.5,0.936,0.347,0,Startup,Good,Medium,Medium
BIZ1751,17,IT,NT,193094,12284,276399,89906,748,42045,12,2,0,7.18,0.325,0.064,0.218,186493,10727.44,3.651,0.143,0,Mature,Good,Small,Low
BIZ1752,6,Professional Services,ACT,45821,6558,26110,4305,557,17863,12,4,1,4.23,0.165,0.143,0.39,21805,6545.86,4.586,0.364,0,Established,Fair,Small,Low
BIZ1753,3,Manufacturing,QLD,177507,16095,75047,16808,551,35796,24,1,0,3.73,0.224,0.091,0.202,58239,44376.75,5.618,0.291,0,Established,Fair,Small,Low
BIZ1754,1,Retail,WA,235896,18480,56973,42341,354,18408,24,0,0,9.61,0.743,0.078,0.078,14632,117948.0,12.54,0.693,1,Startup,Poor,Small,Medium
BIZ1755,10,Agriculture,VIC,108273,8674,71314,38583,724,59731,48,0,0,1.68,0.541,0.08,0.552,32731,9843.0,1.815,0.148,0,Mature,Good,Medium,Medium
BIZ1756,6,Manufacturing,NSW,127135,27707,65282,54895,713,68114,36,1,0,9.65,0.841,0.218,0.536,10387,18162.14,5.084,0.237,0,Established,Good,Medium,Medium
BIZ1757,5,Retail,ACT,125096,5268,205623,83648,554,73048,48,3,2,6.77,0.407,0.042,0.584,121975,20849.33,0.901,0.621,1,Established,Fair,Medium,Low
BIZ1758,14,Retail,TAS,30000,4193,20669,18278,744,13322,24,1,0,1.61,0.884,0.14,0.444,2391,2000.0,3.931,0.261,0,Mature,Good,Small,Medium
BIZ1759,10,Professional Services,ACT,86611,20115,38213,64833,697,36852,36,3,0,4.91,1.697,0.232,0.425,-26620,7873.73,6.821,0.36,0,Mature,Good,Small,High
BIZ1760,1,Transport,ACT,83513,13671,33511,13692,702,29851,36,1,0,1.85,0.409,0.164,0.357,19819,41756.5,5.722,0.171,0,Startup,Good,Small,Low
BIZ1761,3,Professional Services,SA,268635,1872,725343,500133,730,32039,36,3,0,-1.81,0.69,0.007,0.119,225210,67158.75,0.73,0.327,0,Established,Good,Small,Medium
BIZ1762,2,Retail,QLD,124692,4431,100745,76505,707,19212,36,1,0,2.48,0.759,0.036,0.154,24240,41564.0,2.881,0.377,0,Startup,Good,Small,Medium
BIZ1763,9,Healthcare,NSW,80151,9358,41058,20993,715,16768,60,4,0,-1.9,0.511,0.117,0.209,20065,8015.1,6.971,0.106,0,Mature,Good,Small,Medium
BIZ1764,1,Manufacturing,SA,92680,10019,81742,41358,583,50008,24,1,0,3.2,0.506,0.108,0.54,40384,46340.0,2.504,0.262,0,Startup,Fair,Medium,Medium
BIZ1765,6,Professional Services,SA,202070,5475,516330,1100095,487,29327,36,6,1,4.9,2.131,0.027,0.145,-583765,28867.14,2.333,0.773,1,Established,Poor,Small,High
BIZ1766,9,Transport,TAS,86750,2561,56217,24831,606,48370,48,6,1,1.85,0.442,0.03,0.558,31386,8675.0,0.662,0.484,0,Mature,Fair,Small,Low
BIZ1767,13,Hospitality,WA,60552,15494,74866,115417,685,20438,12,3,0,3.19,1.542,0.256,0.338,-40551,4325.14,9.47,0.515,1,Mature,Good,Small,High
BIZ1768,3,IT,TAS,81390,23203,135792,46685,839,36101,12,1,0,3.14,0.344,0.285,0.444,89107,20347.5,8.031,0.1,0,Established,Excellent,Small,Low
BIZ1769,11,Retail,WA,190705,27496,50192,12404,749,21098,24,1,0,5.03,0.247,0.144,0.111,37788,15892.08,16.281,0.199,0,Mature,Good,Small,Low
BIZ1770,1,Agriculture,WA,139708,11732,77984,20764,535,27657,36,2,1,2.77,0.266,0.084,0.198,57220,69854.0,5.3,0.566,1,Startup,Fair,Small,Low
BIZ1771,12,Hospitality,NSW,101822,17800,157571,116359,781,58770,24,2,0,1.56,0.738,0.175,0.577,41212,7832.46,3.785,0.171,0,Mature,Excellent,Medium,Medium
BIZ1772,1,Construction,ACT,112879,13051,60748,37529,793,22167,24,0,0,4.9,0.618,0.116,0.196,23219,56439.5,7.355,0.243,0,Startup,Excellent,Small,Medium
BIZ1773,4,Education,NSW,66714,4627,70048,33428,821,14215,36,2,0,2.98,0.477,0.069,0.213,36620,13342.8,4.065,0.129,0,Established,Excellent,Small,Low
BIZ1774,10,Transport,QLD,86183,11436,44763,7692,699,13675,36,1,0,-3.91,0.172,0.133,0.159,37071,7834.82,10.444,0.145,0,Mature,Good,Small,Low
BIZ1775,1,Agriculture,WA,62049,3600,38884,92907,781,7507,24,5,0,1.45,2.389,0.058,0.121,-54023,31024.5,5.984,0.447,0,Startup,Excellent,Small,High
BIZ1776,2,Education,SA,80310,3316,46780,64666,366,14318,36,1,0,0.95,1.382,0.041,0.178,-17886,26770.0,2.892,0.668,1,Startup,Poor,Small,High
BIZ1777,8,Transport,ACT,253298,21723,303860,197730,388,102149,36,1,1,2.94,0.651,0.086,0.403,106130,28144.22,2.658,0.631,1,Established,Poor,Medium,Medium
BIZ1778,8,Healthcare,VIC,46420,4581,42891,32222,405,13946,60,2,0,2.62,0.751,0.099,0.3,10669,5157.78,4.102,0.46,0,Established,Poor,Small,Medium
BIZ1779,7,IT,QLD,60955,802,52955,38069,696,21612,36,0,0,-3.35,0.719,0.013,0.355,14886,7619.38,0.464,0.271,0,Established,Good,Small,Medium
BIZ1780,8,Hospitality,NSW,41027,6186,151218,61201,398,5000,48,1,0,-1.98,0.405,0.151,0.122,90017,4558.56,15.426,0.495,1,Established,Poor,Small,Low
BIZ1781,5,Manufacturing,TAS,35255,1430,81975,132343,736,17315,36,2,0,-0.36,1.614,0.041,0.491,-50368,5875.83,1.032,0.441,0,Established,Good,Small,High
BIZ1782,2,Transport,QLD,86617,8480,21601,6773,746,41684,24,1,0,2.69,0.314,0.098,0.481,14828,28872.33,2.542,0.197,0,Startup,Good,Small,Low
BIZ1783,3,Manufacturing,QLD,64066,8948,40200,33942,557,5000,36,3,0,5.72,0.844,0.14,0.078,6258,16016.5,22.314,0.363,0,Established,Fair,Small,Medium
BIZ1784,2,IT,ACT,338805,77488,1189517,218274,806,88405,48,0,0,-2.31,0.183,0.229,0.261,971243,112935.0,10.955,0.091,0,Startup,Excellent,Medium,Low
BIZ1785,15,Retail,QLD,80984,2702,46969,33881,552,7112,36,1,0,0.48,0.721,0.033,0.088,13088,5061.5,4.741,0.505,1,Mature,Fair,Small,Medium
BIZ1786,6,Construction,QLD,243428,12198,697476,449814,577,118222,48,0,0,2.35,0.645,0.05,0.486,247662,34775.43,1.29,0.509,0,Established,Fair,Medium,Medium
BIZ1787,4,Hospitality,VIC,194386,14392,123229,79608,819,88542,60,4,0,-0.29,0.646,0.074,0.455,43621,38877.2,2.032,0.218,0,Established,Excellent,Medium,Medium
BIZ1788,4,IT,NT,85283,11741,60677,23494,321,46572,12,2,1,2.76,0.387,0.138,0.546,37183,17056.6,3.15,0.525,1,Established,Poor,Small,Low
BIZ1789,18,IT,TAS,432395,65293,594358,306508,620,77840,12,1,0,4.42,0.516,0.151,0.18,287850,22757.63,10.483,0.26,0,Mature,Fair,Medium,Medium
BIZ1790,1,Healthcare,TAS,119130,13262,92396,34869,758,35853,24,3,0,0.23,0.377,0.111,0.301,57527,59565.0,4.622,0.07,0,Startup,Excellent,Small,Low
BIZ1791,6,Education,TAS,284675,38548,313601,149324,838,43119,36,2,0,3.48,0.476,0.135,0.151,164277,40667.86,11.172,0.057,0,Established,Excellent,Small,Low
BIZ1792,5,Construction,WA,262398,62811,552709,177864,841,66696,24,1,0,2.16,0.322,0.239,0.254,374845,43733.0,11.77,0.115,0,Established,Excellent,Medium,Low
BIZ1793,6,Hospitality,SA,131959,12992,170335,87756,569,44501,48,3,0,-0.95,0.515,0.098,0.337,82579,18851.29,3.648,0.384,0,Established,Fair,Small,Medium
BIZ1794,1,Retail,NT,167007,24300,148852,110479,660,13248,12,2,0,2.08,0.742,0.146,0.079,38373,83503.5,22.906,0.332,0,Startup,Good,Small,Medium
BIZ1795,13,Retail,TAS,152794,7181,341451,236936,404,67715,36,2,0,3.87,0.694,0.047,0.443,104515,10913.86,1.325,0.661,1,Mature,Poor,Medium,Medium
BIZ1796,17,Professional Services,QLD,44312,11380,61391,33293,518,15456,24,0,0,6.74,0.542,0.257,0.349,28098,2461.78,9.196,0.336,0,Mature,Fair,Small,Medium
BIZ1797,5,IT,QLD,102755,8140,54175,33110,323,51986,60,7,2,7.43,0.611,0.079,0.506,21065,17125.83,1.957,0.609,1,Established,Poor,Medium,Medium
BIZ1798,8,Transport,TAS,209394,23936,562427,481508,609,41769,36,3,1,0.8,0.856,0.114,0.199,80919,23266.0,7.161,0.491,0,Established,Fair,Small,Medium
BIZ1799,16,Healthcare,ACT,287313,18983,345845,144643,753,157110,60,4,0,0.62,0.418,0.066,0.547,201202,16900.76,1.51,0.088,0,Mature,Excellent,Medium,Low
BIZ1800,8,Construction,TAS,59608,10513,42930,14318,533,35721,60,2,1,2.62,0.334,0.176,0.599,28612,6623.11,3.678,0.657,1,Established,Fair,Small,Low
BIZ1801,1,Retail,QLD,142940,15742,34811,18417,648,79419,36,1,0,0.87,0.529,0.11,0.556,16394,71470.0,2.477,0.404,0,Startup,Good,Medium,Medium
BIZ1802,6,Hospitality,WA,109711,27327,39303,30878,647,52424,24,3,1,6.14,0.786,0.249,0.478,8425,15673.0,6.514,0.628,0,Established,Good,Medium,Medium
BIZ1803,6,Professional Services,NSW,90897,9840,206398,310904,673,45157,24,0,0,2.8,1.506,0.108,0.497,-104506,12985.29,2.723,0.419,0,Established,Good,Small,High
BIZ1804,4,Hospitality,NSW,126652,12960,294489,711400,825,46298,24,1,0,2.67,2.416,0.102,0.366,-416911,25330.4,3.498,0.465,0,Established,Excellent,Small,High
BIZ1805,9,Healthcare,NT,114989,15822,99087,21141,580,17775,48,0,0,4.43,0.213,0.138,0.155,77946,11498.9,11.119,0.248,1,Mature,Fair,Small,Low
BIZ1806,17,Transport,NT,144204,23293,40816,14531,645,60907,12,2,0,2.98,0.356,0.162,0.422,26285,8011.33,4.779,0.288,0,Mature,Good,Medium,Low
BIZ1807,16,Professional Services,TAS,270817,19100,115498,85157,644,119704,12,2,0,3.42,0.737,0.071,0.442,30341,15930.41,1.994,0.332,0,Mature,Good,Medium,Medium
BIZ1808,4,Professional Services,VIC,170909,287,52818,8523,314,101171,36,2,1,3.29,0.161,0.002,0.592,44295,34181.8,0.035,0.567,1,Established,Poor,Medium,Low
BIZ1809,1,Education,TAS,122689,15057,37098,6777,665,42660,36,1,0,2.07,0.183,0.123,0.348,30321,61344.5,4.411,0.196,0,Startup,Good,Small,Low
BIZ1810,25,Construction,ACT,364119,33735,1005823,1950757,774,72551,36,1,0,-0.21,1.939,0.093,0.199,-944934,14004.58,5.811,0.489,0,Mature,Excellent,Medium,High
BIZ1811,11,Professional Services,TAS,214690,64471,604950,91524,349,91462,36,1,0,7.78,0.151,0.3,0.426,513426,17890.83,8.81,0.406,0,Mature,Poor,Medium,Low
BIZ1812,1,Education,NT,92533,10874,38669,89130,375,54470,48,1,1,-0.22,2.305,0.118,0.589,-50461,46266.5,2.495,0.775,1,Startup,Poor,Medium,High
BIZ1813,16,Education,NSW,42108,5425,34294,28199,585,6209,36,1,0,7.46,0.822,0.129,0.147,6095,2476.94,10.9,0.312,0,Mature,Fair,Small,Medium
BIZ1814,13,Healthcare,QLD,49440,9579,18725,10573,825,11336,24,0,0,3.52,0.565,0.194,0.229,8152,3531.43,10.551,0.113,0,Mature,Excellent,Small,Medium
BIZ1815,5,Manufacturing,TAS,189712,25714,153909,45437,632,66026,48,2,0,0.7,0.295,0.136,0.348,108472,31618.67,4.867,0.274,0,Established,Good,Medium,Low
BIZ1816,6,Hospitality,QLD,63499,2458,139018,66235,722,9119,60,3,0,4.16,0.476,0.039,0.144,72783,9071.29,3.365,0.216,0,Established,Good,Small,Low
BIZ1817,4,Transport,QLD,48745,5009,76236,47738,693,5000,12,2,0,4.86,0.626,0.103,0.103,28498,9749.0,12.491,0.307,0,Established,Good,Small,Medium
BIZ1818,1,Agriculture,VIC,58066,7651,77229,19759,812,13665,36,4,0,7.65,0.256,0.132,0.235,57470,29033.0,6.992,0.116,0,Startup,Excellent,Small,Low
BIZ1819,3,Hospitality,QLD,61012,19593,44458,15230,849,32089,36,4,0,-1.45,0.343,0.321,0.526,29228,15253.0,7.629,0.071,0,Established,Excellent,Small,Low
BIZ1820,10,Professional Services,NSW,179055,56901,312584,125701,831,13233,24,6,0,2.08,0.402,0.318,0.074,186883,16277.73,53.698,0.097,0,Mature,Excellent,Small,Low
BIZ1821,1,Transport,WA,88457,7721,106753,49176,754,25290,48,0,0,6.63,0.461,0.087,0.286,57577,44228.5,3.814,0.072,0,Startup,Excellent,Small,Low
BIZ1822,3,Retail,WA,37772,8662,39405,18370,688,17723,24,0,0,4.74,0.466,0.229,0.469,21035,9443.0,6.105,0.233,0,Established,Good,Small,Low
BIZ1823,4,Manufacturing,SA,100884,7961,77070,66225,686,57932,48,2,0,3.96,0.859,0.079,0.574,10845,20176.8,1.717,0.269,0,Established,Good,Medium,Medium
BIZ1824,5,Retail,ACT,115333,1410,114302,21869,822,68278,36,2,0,6.94,0.191,0.012,0.592,92433,19222.17,0.258,0.206,0,Established,Excellent,Medium,Low
BIZ1825,16,Retail,TAS,70577,3050,68693,7550,805,19908,36,4,0,1.96,0.11,0.043,0.282,61143,4151.59,1.914,0.168,0,Mature,Excellent,Small,Low
BIZ1826,3,Construction,ACT,221708,2583,131171,77789,317,126974,24,2,0,-4.69,0.593,0.012,0.573,53382,55427.0,0.254,0.675,1,Established,Poor,Medium,Medium
BIZ1827,3,Hospitality,NSW,73522,12898,37812,78561,481,5108,24,1,1,1.4,2.078,0.175,0.069,-40749,18380.5,31.486,1.0,1,Established,Poor,Small,High
BIZ1828,9,Agriculture,QLD,214450,18261,96537,37085,768,98701,12,1,0,8.54,0.384,0.085,0.46,59452,21445.0,2.312,0.076,0,Mature,Excellent,Medium,Low
BIZ1829,4,Healthcare,WA,149903,20623,70124,25556,559,60487,24,6,0,3.4,0.364,0.138,0.404,44568,29980.6,4.261,0.262,0,Established,Fair,Medium,Low
BIZ1830,2,Agriculture,ACT,188834,46201,138103,123365,807,35356,36,3,0,-0.03,0.893,0.245,0.187,14738,62944.67,16.328,0.186,0,Startup,Excellent,Small,Medium
BIZ1831,4,Retail,NSW,45753,6411,30315,37647,539,15053,48,0,0,6.5,1.242,0.14,0.329,-7332,9150.6,5.319,0.759,1,Established,Fair,Small,High
BIZ1832,1,Professional Services,WA,105748,10702,59657,40396,407,12822,36,2,0,5.03,0.677,0.101,0.121,19261,52874.0,10.423,0.48,0,Startup,Poor,Small,Medium
BIZ1833,2,Manufacturing,QLD,95131,3968,51335,35752,472,50360,48,4,2,2.94,0.696,0.042,0.529,15583,31710.33,0.985,0.644,1,Startup,Poor,Medium,Medium
BIZ1834,5,IT,ACT,36482,735,35585,13065,585,9005,36,1,0,4.26,0.367,0.02,0.247,22520,6080.33,1.019,0.313,1,Established,Fair,Small,Low
BIZ1835,4,Agriculture,WA,213959,15611,400353,216442,617,84369,48,2,2,-0.55,0.541,0.073,0.394,183911,42791.8,2.313,0.501,1,Established,Fair,Medium,Medium
BIZ1836,15,Retail,TAS,55704,4070,45308,12528,666,7649,60,0,0,1.41,0.277,0.073,0.137,32780,3481.5,6.64,0.258,0,Mature,Good,Small,Low
BIZ1837,3,Manufacturing,NT,64427,6113,50387,26710,623,10526,24,0,0,2.31,0.53,0.095,0.163,23677,16106.75,7.251,0.294,0,Established,Good,Small,Medium
BIZ1838,6,Transport,TAS,48565,5242,22691,12011,817,28924,48,2,0,5.8,0.529,0.108,0.596,10680,6937.86,2.264,0.046,0,Established,Excellent,Small,Medium
BIZ1839,7,Hospitality,SA,161269,29715,115495,256293,740,74860,36,1,0,0.85,2.219,0.184,0.464,-140798,20158.62,4.961,0.567,1,Established,Good,Medium,High
BIZ1840,1,Education,SA,33923,1772,56729,26439,697,19644,48,2,0,2.42,0.466,0.052,0.579,30290,16961.5,1.127,0.151,0,Startup,Good,Small,Low
BIZ1841,7,Construction,WA,152133,34410,232114,61602,746,32361,36,3,0,6.82,0.265,0.226,0.213,170512,19016.62,13.286,0.199,0,Established,Good,Small,Low
BIZ1842,2,Manufacturing,NT,205080,47101,300120,208342,637,28815,36,3,0,10.07,0.694,0.23,0.141,91778,68360.0,20.424,0.355,0,Startup,Good,Small,Medium
BIZ1843,20,Professional Services,NSW,143777,24742,206393,130892,693,46970,24,3,0,-0.11,0.634,0.172,0.327,75501,6846.52,6.583,0.203,0,Mature,Good,Small,Medium
BIZ1844,1,Professional Services,TAS,162566,151,172970,92182,369,52357,12,1,0,2.92,0.533,0.001,0.322,80788,81283.0,0.036,0.522,1,Startup,Poor,Medium,Medium
BIZ1845,4,Manufacturing,NSW,167993,6899,174975,36189,465,24564,36,1,0,-2.02,0.207,0.041,0.146,138786,33598.6,3.509,0.396,0,Established,Poor,Small,Low
BIZ1846,1,Professional Services,NT,50787,3977,48158,13294,478,23020,60,1,0,2.46,0.276,0.078,0.453,34864,25393.5,2.158,0.462,1,Startup,Poor,Small,Low
BIZ1847,25,Hospitality,NSW,269497,24123,171816,128170,337,67098,48,0,0,1.63,0.746,0.09,0.249,43646,10365.27,4.493,0.651,1,Mature,Poor,Medium,Medium
BIZ1848,5,Professional Services,NT,71535,4582,61584,21177,699,10909,36,5,0,6.25,0.344,0.064,0.152,40407,11922.5,5.244,0.189,0,Established,Good,Small,Low
BIZ1849,6,Agriculture,WA,94233,13339,87806,199818,586,21917,48,2,0,-1.02,2.276,0.142,0.233,-112012,13461.86,7.603,0.626,1,Established,Fair,Small,High
BIZ1850,1,Education,NSW,78210,3625,93625,54756,781,28156,48,2,0,-1.43,0.585,0.046,0.36,38869,39105.0,1.609,0.127,0,Startup,Excellent,Small,Medium
BIZ1851,9,Professional Services,TAS,139257,14039,121082,83454,760,62604,24,2,0,7.06,0.689,0.101,0.45,37628,13925.7,2.803,0.13,0,Mature,Excellent,Medium,Medium
BIZ1852,2,Education,QLD,67736,2950,196117,174043,821,21339,12,2,0,0.6,0.887,0.044,0.315,22074,22578.67,1.727,0.193,0,Startup,Excellent,Small,Medium
BIZ1853,14,Retail,SA,103449,5021,40984,33144,779,35077,24,0,0,3.09,0.809,0.049,0.339,7840,6896.6,1.789,0.238,0,Mature,Excellent,Small,Medium
BIZ1854,2,Healthcare,QLD,41575,1798,53526,24112,611,5255,48,2,0,3.39,0.45,0.043,0.126,29414,13858.33,4.267,0.313,0,Startup,Fair,Small,Low
BIZ1855,2,Hospitality,NSW,223075,33896,178174,439667,720,123378,48,1,1,0.14,2.468,0.152,0.553,-261493,74358.33,3.434,0.758,1,Startup,Good,Medium,High
BIZ1856,1,Healthcare,QLD,157868,33128,129417,27407,588,88532,24,0,0,0.14,0.212,0.21,0.561,102010,78934.0,4.677,0.301,0,Startup,Fair,Medium,Low
BIZ1857,4,Retail,TAS,80452,11244,40451,21889,809,34263,24,4,0,5.88,0.541,0.14,0.426,18562,16090.4,4.101,0.098,0,Established,Excellent,Small,Medium
BIZ1858,5,Hospitality,TAS,71082,5422,107279,48243,785,5000,48,3,0,4.53,0.45,0.076,0.07,59036,11847.0,13.521,0.136,0,Established,Excellent,Small,Low
BIZ1859,1,Manufacturing,NSW,155009,31382,187764,158142,752,53538,60,2,0,2.45,0.842,0.202,0.345,29622,77504.5,7.325,0.182,0,Startup,Excellent,Medium,Medium
BIZ1860,9,Manufacturing,WA,60167,2139,81231,21960,649,23830,48,5,0,2.09,0.27,0.036,0.396,59271,6016.7,1.121,0.271,0,Mature,Good,Small,Low
BIZ1861,4,Education,QLD,107770,12199,97665,17078,779,64345,36,4,0,3.45,0.175,0.113,0.597,80587,21554.0,2.369,0.069,0,Established,Excellent,Medium,Low
BIZ1862,5,Retail,WA,222566,4511,149947,311366,337,133058,24,3,1,3.65,2.076,0.02,0.598,-161419,37094.33,0.424,1.0,1,Established,Poor,Medium,High
BIZ1863,4,Education,WA,55944,639,44009,12751,461,29185,36,2,1,6.28,0.29,0.011,0.522,31258,11188.8,0.274,0.566,0,Established,Poor,Small,Low
BIZ1864,4,Construction,NT,127774,3489,135685,73514,806,10874,24,1,0,2.44,0.542,0.027,0.085,62171,25554.8,4.006,0.167,0,Established,Excellent,Small,Medium
BIZ1865,5,Professional Services,VIC,123131,2179,30262,59161,726,70714,48,1,0,3.83,1.955,0.018,0.574,-28899,20521.83,0.385,0.462,1,Established,Good,Medium,High
BIZ1866,2,IT,NSW,92213,6236,127467,56198,771,35683,36,1,0,4.65,0.441,0.068,0.387,71269,30737.67,2.184,0.111,0,Startup,Excellent,Small,Low
BIZ1867,2,Construction,SA,69379,16397,243544,186833,306,34029,48,3,3,4.71,0.767,0.236,0.49,56711,23126.33,6.021,0.904,1,Startup,Poor,Small,Medium
BIZ1868,12,Professional Services,TAS,231042,10970,252345,97694,756,63295,36,4,0,6.85,0.387,0.047,0.274,154651,17772.46,2.166,0.117,0,Mature,Excellent,Medium,Low
BIZ1869,18,Hospitality,TAS,64971,8243,44942,20620,675,14671,48,1,0,2.46,0.459,0.127,0.226,24322,3419.53,7.017,0.187,0,Mature,Good,Small,Low
BIZ1870,3,Education,NSW,30000,297,22297,15920,796,9143,36,3,0,0.8,0.714,0.01,0.305,6377,7500.0,0.405,0.221,0,Established,Excellent,Small,Medium
BIZ1871,2,Hospitality,NT,154565,5692,193473,285355,833,20214,36,6,0,1.43,1.475,0.037,0.131,-91882,51521.67,3.518,0.536,1,Startup,Excellent,Small,High
BIZ1872,7,Hospitality,ACT,42577,1260,29854,14359,759,10490,36,1,0,4.42,0.481,0.03,0.246,15495,5322.12,1.5,0.198,0,Established,Excellent,Small,Low
BIZ1873,4,Professional Services,ACT,160222,9290,220912,138250,588,83586,12,1,0,2.18,0.626,0.058,0.522,82662,32044.4,1.389,0.383,0,Established,Fair,Medium,Medium
BIZ1874,1,Retail,ACT,251307,14567,185339,134267,780,17810,60,2,0,9.36,0.724,0.058,0.071,51072,125653.5,10.217,0.304,0,Startup,Excellent,Small,Medium
BIZ1875,2,Professional Services,NT,153403,21807,351278,438233,502,20399,36,1,0,2.54,1.248,0.142,0.133,-86955,51134.33,13.355,0.513,1,Startup,Fair,Small,High
BIZ1876,8,Transport,SA,208978,46942,470683,98775,428,24829,36,4,2,-0.36,0.21,0.225,0.119,371908,23219.78,23.621,0.612,0,Established,Poor,Small,Low
BIZ1877,7,Manufacturing,TAS,405969,22674,272646,243388,718,110298,48,1,0,3.47,0.893,0.056,0.272,29258,50746.12,2.569,0.269,0,Established,Good,Medium,Medium
BIZ1878,1,Manufacturing,NSW,194217,3232,151466,100636,780,116208,48,1,0,7.12,0.664,0.017,0.598,50830,97108.5,0.348,0.225,0,Startup,Excellent,Medium,Medium
BIZ1879,2,Construction,NT,124417,21108,100506,80943,717,18083,36,2,0,0.05,0.805,0.17,0.145,19563,41472.33,14.581,0.339,0,Startup,Good,Small,Medium
BIZ1880,2,Manufacturing,TAS,309825,8835,252302,537895,843,40282,60,3,0,-0.03,2.132,0.029,0.13,-285593,103275.0,2.741,0.433,1,Startup,Excellent,Small,High
BIZ1881,7,Professional Services,WA,337170,64053,156355,305758,736,186549,12,2,0,1.94,1.956,0.19,0.553,-149403,42146.25,4.292,0.388,0,Established,Good,Medium,High
BIZ1882,1,Agriculture,QLD,340489,35790,145187,66490,593,182205,24,2,0,0.56,0.458,0.105,0.535,78697,170244.5,2.455,0.319,0,Startup,Fair,Medium,Low
BIZ1883,1,Education,QLD,69947,1858,121218,62518,815,5000,36,1,0,-1.55,0.516,0.027,0.071,58700,34973.5,4.633,0.117,0,Startup,Excellent,Small,Medium
BIZ1884,10,Professional Services,NT,38261,7986,60237,10950,423,17731,36,1,0,-2.12,0.182,0.209,0.463,49287,3478.27,5.626,0.387,1,Mature,Poor,Small,Low
BIZ1885,2,Professional Services,TAS,67021,16749,104430,49402,758,27512,36,0,0,3.2,0.473,0.25,0.41,55028,22340.33,7.606,0.13,0,Startup,Excellent,Small,Low
BIZ1886,7,IT,VIC,161546,5579,126869,69486,540,76291,36,1,1,4.65,0.548,0.035,0.472,57383,20193.25,0.914,0.474,1,Established,Fair,Medium,Medium
BIZ1887,2,Education,SA,110349,7707,281140,44970,684,35529,36,3,0,0.4,0.16,0.07,0.322,236170,36783.0,2.711,0.189,0,Startup,Good,Small,Low
BIZ1888,1,Transport,ACT,85430,15913,69007,36647,731,50852,48,0,0,2.29,0.531,0.186,0.595,32360,42715.0,3.911,0.219,0,Startup,Good,Medium,Medium
BIZ1889,2,Manufacturing,SA,146142,20714,200799,285975,611,10831,36,2,0,3.05,1.424,0.142,0.074,-85176,48714.0,23.878,0.53,0,Startup,Fair,Small,High
BIZ1890,8,Education,SA,35257,5657,15000,2182,575,6307,60,3,1,-0.82,0.145,0.16,0.179,12818,3917.44,11.19,0.341,0,Established,Fair,Small,Low
BIZ1891,12,Manufacturing,NT,108968,7435,77727,165235,594,29214,48,4,2,5.08,2.126,0.068,0.268,-87508,8382.15,3.18,0.741,1,Mature,Fair,Small,High
BIZ1892,11,Construction,WA,215975,17097,161042,105691,520,64226,24,5,0,3.14,0.656,0.079,0.297,55351,17997.92,3.327,0.637,1,Mature,Fair,Medium,Medium
BIZ1893,4,Education,SA,145004,10056,114144,90895,525,80731,24,0,0,4.07,0.796,0.069,0.557,23249,29000.8,1.557,0.458,0,Established,Fair,Medium,Medium
BIZ1894,7,Manufacturing,QLD,160214,3957,59217,124248,716,57356,36,2,0,4.54,2.098,0.025,0.358,-65031,20026.75,0.862,0.475,1,Established,Good,Medium,High
BIZ1895,2,Transport,WA,301993,45128,377183,160943,754,22592,48,2,0,9.78,0.427,0.149,0.075,216240,100664.33,24.955,0.118,0,Startup,Excellent,Small,Low
BIZ1896,3,Healthcare,NSW,94249,16608,143037,93784,648,25854,12,1,1,-0.57,0.656,0.176,0.274,49253,23562.25,8.026,0.448,0,Established,Good,Small,Medium
BIZ1897,14,Hospitality,SA,62494,5990,32745,22761,845,17440,24,0,0,-0.18,0.695,0.096,0.279,9984,4166.27,4.29,0.231,0,Mature,Excellent,Small,Medium
BIZ1898,1,Hospitality,SA,226989,2883,93363,18497,666,131885,60,1,0,7.55,0.198,0.013,0.581,74866,113494.5,0.273,0.351,0,Startup,Good,Medium,Low
BIZ1899,1,Transport,NSW,224085,5498,115660,232183,670,85053,36,3,0,4.46,2.007,0.025,0.38,-116523,112042.5,0.808,0.578,0,Startup,Good,Medium,High
BIZ1900,2,IT,SA,145918,26468,160829,242196,723,58310,24,1,0,2.71,1.506,0.181,0.4,-81367,48639.33,5.673,0.404,0,Startup,Good,Medium,High
BIZ1901,1,Healthcare,NSW,88233,8923,50502,22821,662,39024,24,1,0,1.07,0.452,0.101,0.442,27681,44116.5,2.857,0.156,0,Startup,Good,Small,Low
BIZ1902,2,Construction,WA,98811,15824,74646,13428,685,46789,48,1,0,1.8,0.18,0.16,0.474,61218,32937.0,4.226,0.215,0,Startup,Good,Small,Low
BIZ1903,6,Transport,QLD,40386,6480,17364,13988,439,16125,48,2,0,1.86,0.806,0.16,0.399,3376,5769.43,5.019,0.515,0,Established,Poor,Small,Medium
BIZ1904,4,Hospitality,NSW,215143,38408,577596,136845,847,38824,24,3,0,-1.98,0.237,0.179,0.18,440751,43028.6,12.362,0.104,0,Established,Excellent,Small,Low
BIZ1905,14,Hospitality,VIC,209893,37078,179561,95626,832,111395,36,1,0,5.42,0.533,0.177,0.531,83935,13992.87,4.16,0.096,0,Mature,Excellent,Medium,Medium
BIZ1906,11,Hospitality,NT,39411,3724,64320,24624,502,17840,48,2,1,-3.53,0.383,0.094,0.453,39696,3284.25,2.607,0.595,1,Mature,Fair,Small,Low
BIZ1907,3,Retail,NT,181197,9012,199434,133816,842,82993,48,1,0,-0.05,0.671,0.05,0.458,65618,45299.25,1.357,0.29,0,Established,Excellent,Medium,Medium
BIZ1908,2,Transport,NSW,130989,16331,104583,23758,466,78345,48,1,0,1.2,0.227,0.125,0.598,80825,43663.0,2.605,0.411,0,Startup,Poor,Medium,Low
BIZ1909,3,Professional Services,NT,48272,3910,37362,12013,597,23720,36,1,1,8.93,0.322,0.081,0.491,25349,12068.0,2.059,0.393,0,Established,Fair,Small,Low
BIZ1910,6,Construction,SA,42438,2576,22486,15468,438,21475,60,3,1,2.2,0.688,0.061,0.506,7018,6062.57,1.499,0.853,1,Established,Poor,Small,Medium
BIZ1911,2,Hospitality,ACT,128212,12168,80110,48271,833,73500,36,0,0,3.45,0.603,0.095,0.573,31839,42737.33,2.069,0.261,0,Startup,Excellent,Medium,Medium
BIZ1912,6,Manufacturing,ACT,74727,3729,33420,49659,815,9947,24,0,0,-0.13,1.486,0.05,0.133,-16239,10675.29,4.68,0.369,0,Established,Excellent,Small,High
BIZ1913,4,Transport,NT,352908,3947,147833,364051,755,114253,48,1,0,5.11,2.463,0.011,0.324,-216218,70581.6,0.432,0.502,0,Established,Excellent,Medium,High
BIZ1914,5,Retail,WA,192301,38809,550533,84085,343,71019,36,0,0,11.36,0.153,0.202,0.369,466448,32050.17,6.83,0.566,1,Established,Poor,Medium,Low
BIZ1915,4,Transport,TAS,137528,20376,133109,48682,698,31782,48,1,0,3.97,0.366,0.148,0.231,84427,27505.6,8.011,0.173,0,Established,Good,Small,Low
BIZ1916,3,Construction,WA,142365,18513,280851,370919,717,72844,12,3,0,1.49,1.321,0.13,0.512,-90068,35591.25,3.176,0.554,1,Established,Good,Medium,High
BIZ1917,18,Retail,TAS,250598,4081,127410,238491,549,117613,48,3,1,-3.6,1.872,0.016,0.469,-111081,13189.37,0.434,1.0,1,Mature,Fair,Medium,High
BIZ1918,9,Construction,ACT,178539,39746,68981,101918,691,79715,24,2,0,4.58,1.477,0.223,0.446,-32937,17853.9,6.232,0.561,1,Mature,Good,Medium,High
BIZ1919,1,Transport,ACT,140061,14191,63778,20370,345,83817,36,2,0,-0.46,0.319,0.101,0.598,43408,70030.5,2.116,0.476,1,Startup,Poor,Medium,Low
BIZ1920,13,Professional Services,NSW,49702,7158,31588,72209,540,9575,12,3,0,0.23,2.286,0.144,0.193,-40621,3550.14,9.332,0.617,1,Mature,Fair,Small,High
BIZ1921,5,Construction,QLD,841854,159673,704512,76962,727,382623,36,1,0,5.3,0.109,0.19,0.454,627550,140309.0,5.216,0.236,0,Established,Good,Large,Low
BIZ1922,14,Retail,VIC,45604,2213,34104,20789,627,16110,48,3,0,1.08,0.61,0.049,0.353,13315,3040.27,1.716,0.506,0,Mature,Good,Small,Medium
BIZ1923,10,Retail,WA,79317,14793,40834,77720,420,17619,36,0,0,2.22,1.903,0.187,0.222,-36886,7210.64,10.488,0.898,1,Mature,Poor,Small,High
BIZ1924,4,Construction,SA,30998,5289,26750,4197,517,5000,24,2,0,4.75,0.157,0.171,0.161,22553,6199.6,13.19,0.523,1,Established,Fair,Small,Low
BIZ1925,1,Agriculture,TAS,143940,9403,130925,315722,544,78121,36,1,0,0.38,2.411,0.065,0.543,-184797,71970.0,1.504,0.768,1,Startup,Fair,Medium,High
BIZ1926,2,Transport,NT,109729,8281,136917,17411,549,41422,48,0,0,-1.37,0.127,0.075,0.377,119506,36576.33,2.498,0.471,1,Startup,Fair,Small,Low
BIZ1927,5,Agriculture,SA,168669,35051,333685,533057,575,84960,36,1,1,3.89,1.597,0.208,0.504,-199372,28111.5,5.156,0.706,1,Established,Fair,Medium,High
BIZ1928,7,IT,QLD,30000,4034,19744,5993,609,10498,24,1,0,4.76,0.304,0.134,0.35,13751,3750.0,4.798,0.276,0,Established,Fair,Small,Low
BIZ1929,2,Transport,TAS,215137,35796,365243,526872,721,36785,24,2,0,0.77,1.443,0.166,0.171,-161629,71712.33,12.16,0.414,0,Startup,Good,Small,High
BIZ1930,1,Construction,WA,56094,9981,47779,22964,685,13218,60,3,0,0.62,0.481,0.178,0.236,24815,28047.0,9.43,0.257,0,Startup,Good,Small,Low
BIZ1931,11,Healthcare,NSW,88938,1122,29123,22531,843,23110,36,4,0,-0.8,0.774,0.013,0.26,6592,7411.5,0.607,0.201,0,Mature,Excellent,Small,Medium
BIZ1932,25,Construction,SA,189491,5487,452281,265134,714,110873,12,3,0,4.64,0.586,0.029,0.585,187147,7288.12,0.619,0.289,0,Mature,Good,Medium,Medium
BIZ1933,5,Agriculture,QLD,118525,3775,379420,253400,304,6293,48,1,1,8.26,0.668,0.032,0.053,126020,19754.17,7.484,0.697,1,Established,Poor,Small,Medium
BIZ1934,2,Professional Services,WA,124537,13936,147829,41685,346,73740,36,3,2,5.29,0.282,0.112,0.592,106144,41512.33,2.362,0.564,1,Startup,Poor,Medium,Low
BIZ1935,2,Construction,ACT,172719,19297,149237,75114,819,101775,24,2,0,2.23,0.503,0.112,0.589,74123,57573.0,2.37,0.122,0,Startup,Excellent,Medium,Medium
BIZ1936,1,Construction,ACT,133272,8070,92716,44395,417,79681,60,0,0,4.65,0.479,0.061,0.598,48321,66636.0,1.266,0.619,1,Startup,Poor,Medium,Low
BIZ1937,15,Professional Services,WA,77747,18000,48187,32414,456,24266,36,2,0,0.0,0.673,0.232,0.312,15773,4859.19,9.267,0.421,0,Mature,Poor,Small,Medium
BIZ1938,1,Construction,WA,87857,2295,148729,49322,449,50965,36,2,1,3.61,0.332,0.026,0.58,99407,43928.5,0.563,0.812,1,Startup,Poor,Medium,Low
BIZ1939,6,Hospitality,WA,114498,26148,92776,180248,699,30637,36,1,0,-0.76,1.943,0.228,0.268,-87472,16356.86,10.664,0.576,0,Established,Good,Small,High
BIZ1940,2,Healthcare,TAS,52739,968,117886,13990,623,5000,48,4,0,2.13,0.119,0.018,0.095,103896,17579.67,2.414,0.364,0,Startup,Good,Small,Low
BIZ1941,5,Manufacturing,WA,198234,19738,165730,79231,775,34371,24,1,0,5.73,0.478,0.1,0.173,86499,33039.0,7.176,0.071,0,Established,Excellent,Small,Low
BIZ1942,7,Healthcare,SA,120820,1349,77238,17416,780,68856,24,2,0,4.94,0.225,0.011,0.57,59822,15102.5,0.245,0.118,0,Established,Excellent,Medium,Low
BIZ1943,11,Construction,QLD,104020,1007,59370,48296,691,5988,24,1,1,4.21,0.813,0.01,0.058,11074,8668.33,2.098,0.561,0,Mature,Good,Small,Medium
BIZ1944,2,Hospitality,TAS,227464,40121,119195,17385,500,79679,48,3,0,3.75,0.146,0.176,0.35,101810,75821.33,6.293,0.559,0,Startup,Poor,Medium,Low
BIZ1945,1,Transport,WA,90755,7121,101154,87480,584,8311,36,2,0,0.29,0.865,0.078,0.092,13674,45377.5,10.694,0.437,0,Startup,Fair,Small,Medium
BIZ1946,1,Construction,VIC,86881,966,32715,80125,612,18029,36,1,0,2.93,2.449,0.011,0.208,-47410,43440.5,0.669,0.872,1,Startup,Fair,Small,High
BIZ1947,14,Agriculture,NT,70316,4387,35233,26255,311,6922,24,1,1,4.85,0.745,0.062,0.098,8978,4687.73,7.908,0.697,1,Mature,Poor,Small,Medium
BIZ1948,13,Hospitality,VIC,125510,4620,227482,203426,487,65609,36,3,0,1.77,0.894,0.037,0.523,24056,8965.0,0.88,0.645,1,Mature,Poor,Medium,Medium
BIZ1949,6,Professional Services,QLD,122505,37394,56566,25716,417,45950,48,1,0,1.89,0.455,0.305,0.375,30850,17500.71,10.17,0.405,1,Established,Poor,Small,Low
BIZ1950,6,Hospitality,ACT,61920,12323,85069,75084,611,33818,36,2,0,1.09,0.883,0.199,0.546,9985,8845.71,4.553,0.484,1,Established,Fair,Small,Medium
BIZ1951,7,Professional Services,NSW,87169,24065,20698,3433,577,37360,48,1,0,1.65,0.166,0.276,0.429,17265,10896.12,8.049,0.217,0,Established,Fair,Small,Low
BIZ1952,2,IT,NSW,62210,9435,121579,65923,845,36334,36,2,0,0.18,0.542,0.152,0.584,55656,20736.67,3.245,0.098,0,Startup,Excellent,Small,Medium
BIZ1953,15,Manufacturing,NT,60270,7742,23027,5182,620,19915,48,3,0,2.57,0.225,0.128,0.33,17845,3766.88,4.856,0.267,1,Mature,Fair,Small,Low
BIZ1954,4,Education,ACT,30000,1008,15000,10502,770,12038,12,1,0,1.54,0.7,0.034,0.401,4498,6000.0,1.046,0.205,0,Established,Excellent,Small,Medium
BIZ1955,3,Hospitality,TAS,83982,486,103421,45885,565,30818,36,4,0,-1.92,0.444,0.006,0.367,57536,20995.5,0.197,0.496,0,Established,Fair,Small,Low
BIZ1956,5,Retail,TAS,30000,3862,28888,48055,621,9490,60,2,0,10.3,1.663,0.129,0.316,-19167,5000.0,5.08,0.748,1,Established,Good,Small,High
BIZ1957,1,Agriculture,TAS,71398,10832,100009,25944,500,36789,60,3,2,-0.61,0.259,0.152,0.515,74065,35699.0,3.679,0.606,1,Startup,Poor,Small,Low
BIZ1958,2,Construction,NSW,64287,7660,24444,15385,587,26003,24,2,0,2.1,0.629,0.119,0.404,9059,21429.0,3.68,0.494,1,Startup,Fair,Small,Medium
BIZ1959,9,Agriculture,VIC,206143,44742,142093,35981,354,101158,36,6,0,2.68,0.253,0.217,0.491,106112,20614.3,5.528,0.425,0,Mature,Poor,Medium,Low
BIZ1960,1,Healthcare,NSW,48510,2348,27426,20974,826,23406,12,2,0,0.9,0.765,0.048,0.482,6452,24255.0,1.253,0.228,0,Startup,Excellent,Small,Medium
BIZ1961,6,Education,SA,57940,5480,24368,47153,800,8985,48,3,0,2.23,1.935,0.095,0.155,-22785,8277.14,7.613,0.326,1,Established,Excellent,Small,High
BIZ1962,2,Healthcare,WA,75578,1946,88473,72973,466,30804,36,2,1,0.04,0.825,0.026,0.408,15500,25192.67,0.789,0.62,1,Startup,Poor,Small,Medium
BIZ1963,3,IT,TAS,65768,7226,94818,53322,543,10510,36,2,0,4.68,0.562,0.11,0.16,41496,16442.0,8.584,0.356,0,Established,Fair,Small,Medium
BIZ1964,3,Education,VIC,257423,46870,172190,250856,710,95459,24,0,0,2.43,1.457,0.182,0.371,-78666,64355.75,6.137,0.402,0,Established,Good,Medium,High
BIZ1965,3,Education,QLD,44489,4824,90819,47743,567,18800,60,1,0,4.66,0.526,0.108,0.423,43076,11122.25,3.205,0.255,0,Established,Fair,Small,Medium
BIZ1966,8,Healthcare,NT,75691,6475,38676,22340,514,45299,36,2,0,6.91,0.578,0.086,0.598,16336,8410.11,1.786,0.363,0,Established,Fair,Small,Medium
BIZ1967,3,Professional Services,QLD,124547,6283,250576,191054,302,8319,24,0,0,1.66,0.762,0.05,0.067,59522,31136.75,9.427,0.509,0,Established,Poor,Small,Medium
BIZ1968,6,Healthcare,WA,182924,27999,209854,176690,713,18325,36,2,0,4.82,0.842,0.153,0.1,33164,26132.0,19.086,0.234,0,Established,Good,Small,Medium
BIZ1969,4,Agriculture,VIC,75646,3350,29723,6228,501,6987,24,1,0,7.11,0.21,0.044,0.092,23495,15129.2,5.983,0.442,0,Established,Fair,Small,Low
BIZ1970,7,Professional Services,NSW,30000,6523,80649,164323,615,8072,36,1,0,2.13,2.037,0.217,0.269,-83674,3750.0,10.086,0.551,0,Established,Fair,Small,High
BIZ1971,17,Agriculture,NSW,88869,25018,55727,39836,376,44601,60,2,1,4.57,0.715,0.282,0.502,15891,4937.17,7.01,0.64,1,Mature,Poor,Small,Medium
BIZ1972,8,IT,SA,254338,11457,429119,65807,671,130788,48,0,0,1.1,0.153,0.045,0.514,363312,28259.78,1.095,0.182,0,Established,Good,Medium,Low
BIZ1973,2,Construction,SA,120274,7363,107464,88600,764,54765,36,3,0,6.09,0.824,0.061,0.455,18864,40091.33,1.68,0.287,0,Startup,Excellent,Medium,Medium
BIZ1974,1,Transport,NSW,116482,2474,119390,55974,570,63282,48,2,0,1.0,0.469,0.021,0.543,63416,58241.0,0.489,0.412,1,Startup,Fair,Medium,Low
BIZ1975,2,Professional Services,QLD,46905,7668,65946,26408,765,10674,36,3,0,4.61,0.4,0.163,0.228,39538,15635.0,8.969,0.074,0,Startup,Excellent,Small,Low
BIZ1976,6,IT,NT,43653,719,59369,40699,762,5000,24,1,0,5.49,0.686,0.016,0.115,18670,6236.14,1.793,0.204,0,Established,Excellent,Small,Medium
BIZ1977,1,Retail,TAS,99970,8135,66658,102295,751,8195,60,1,0,-1.04,1.535,0.081,0.082,-35637,49985.0,12.39,0.464,0,Startup,Excellent,Small,High
BIZ1978,5,IT,QLD,36371,1159,40967,69474,813,18864,36,2,0,0.5,1.696,0.032,0.519,-28507,6061.83,0.767,0.376,0,Established,Excellent,Small,High
BIZ1979,6,Healthcare,NT,170578,22211,183672,305449,739,77056,36,0,0,0.38,1.663,0.13,0.452,-121777,24368.29,3.602,0.403,0,Established,Good,Medium,High
BIZ1980,3,Healthcare,SA,54575,7680,50790,85532,760,23698,60,2,0,5.74,1.684,0.141,0.434,-34742,13643.75,4.049,0.333,0,Established,Excellent,Small,High
BIZ1981,9,Transport,WA,97026,9252,70315,13896,468,22977,24,0,0,-1.03,0.198,0.095,0.237,56419,9702.6,5.031,0.388,0,Mature,Poor,Small,Low
BIZ1982,1,IT,NT,30000,151,27886,10920,745,7768,48,1,0,3.48,0.392,0.005,0.259,16966,15000.0,0.243,0.237,0,Startup,Good,Small,Low
BIZ1983,1,Manufacturing,NSW,74932,9748,199757,282365,844,43232,60,2,0,4.68,1.414,0.13,0.577,-82608,37466.0,2.818,0.345,0,Startup,Excellent,Small,High
BIZ1984,8,Construction,SA,43040,238,29521,14540,782,5000,36,0,0,3.01,0.493,0.006,0.116,14981,4782.22,0.594,0.243,0,Established,Excellent,Small,Low
BIZ1985,5,Healthcare,SA,30000,2235,50660,31035,783,14266,12,0,0,6.32,0.613,0.074,0.476,19625,5000.0,1.957,0.183,0,Established,Excellent,Small,Medium
BIZ1986,7,Transport,TAS,144248,15525,81430,68104,833,31777,36,1,0,-3.27,0.836,0.108,0.22,13326,18031.0,6.105,0.199,0,Established,Excellent,Small,Medium
BIZ1987,4,Construction,NSW,311393,6433,150244,71093,814,22258,24,2,0,4.32,0.473,0.021,0.071,79151,62278.6,3.611,0.198,0,Established,Excellent,Small,Low
BIZ1988,2,IT,TAS,217647,7587,1272468,1935791,662,99772,36,1,0,1.95,1.521,0.035,0.458,-663323,72549.0,0.95,0.444,0,Startup,Good,Medium,High
BIZ1989,11,IT,NSW,159083,18431,180087,116696,813,36907,48,3,0,-2.02,0.648,0.116,0.232,63391,13256.92,6.24,0.133,0,Mature,Excellent,Small,Medium
BIZ1990,10,Education,TAS,73873,1316,85017,52193,708,33034,36,3,0,-0.74,0.614,0.018,0.447,32824,6715.73,0.498,0.269,0,Mature,Good,Small,Medium
BIZ1991,8,Transport,NT,173533,9945,203060,364550,770,76217,36,1,0,7.2,1.795,0.057,0.439,-161490,19281.44,1.631,0.372,0,Established,Excellent,Medium,High
BIZ1992,2,Healthcare,QLD,232512,7658,442890,354476,848,80015,36,2,0,4.4,0.8,0.033,0.344,88414,77504.0,1.196,0.204,0,Startup,Excellent,Medium,Medium
BIZ1993,6,Manufacturing,WA,108637,18594,113601,45181,833,51880,36,1,0,4.91,0.398,0.171,0.478,68420,15519.57,4.479,0.073,0,Established,Excellent,Medium,Low
BIZ1994,3,IT,WA,43085,10868,57564,45238,682,15922,48,2,0,5.38,0.786,0.252,0.37,12326,10771.25,8.526,0.245,0,Established,Good,Small,Medium
BIZ1995,1,Manufacturing,NSW,69593,5128,30190,61128,563,14451,36,2,0,-1.57,2.025,0.074,0.208,-30938,34796.5,4.432,0.575,0,Startup,Fair,Small,High
BIZ1996,15,IT,VIC,325099,34276,480335,413254,340,147518,48,0,0,3.24,0.86,0.105,0.454,67081,20318.69,2.904,0.467,0,Mature,Poor,Medium,Medium
BIZ1997,1,Healthcare,ACT,93683,5455,66543,41601,755,35039,36,2,0,5.8,0.625,0.058,0.374,24942,46841.5,1.945,0.211,0,Startup,Excellent,Small,Medium
BIZ1998,19,Construction,SA,30000,4953,36753,26817,718,5000,36,1,0,1.29,0.73,0.165,0.167,9936,1500.0,12.352,0.3,0,Mature,Good,Small,Medium
BIZ1999,4,Hospitality,SA,35304,3701,15000,5130,563,19272,24,1,1,6.59,0.342,0.105,0.546,9870,7060.8,2.399,0.526,1,Established,Fair,Small,Low
